[10-Sep-2025 12:12:29 UTC] PHP Warning:  Attempt to read property "title" on null in C:\Users\nheim\Local Sites\mota-photo\app\public\wp-includes\class-wp-customize-widgets.php on line 926
[10-Sep-2025 12:33:02 UTC] PHP Fatal error:  Cannot redeclare motaphoto_settings_register() (previously declared in C:\Users\nheim\Local Sites\mota-photo\app\public\wp-content\themes\mota-photo\functions.php:11) in C:\Users\nheim\Local Sites\mota-photo\app\public\wp-content\themes\mota-photo\functions.php on line 19
[10-Sep-2025 12:33:02 UTC] PHP Warning:  Trying to access array offset on value of type bool in C:\Users\nheim\Local Sites\mota-photo\app\public\wp-includes\class-wp-recovery-mode-email-service.php on line 367
[10-Sep-2025 12:33:02 UTC] PHP Warning:  Trying to access array offset on value of type bool in C:\Users\nheim\Local Sites\mota-photo\app\public\wp-includes\class-wp-recovery-mode-email-service.php on line 368
[10-Sep-2025 12:39:18 UTC] PHP Fatal error:  Cannot redeclare motaphoto_settings_register() (previously declared in C:\Users\nheim\Local Sites\mota-photo\app\public\wp-content\themes\mota-photo\functions.php:13) in C:\Users\nheim\Local Sites\mota-photo\app\public\wp-content\themes\mota-photo\functions.php on line 23
[10-Sep-2025 12:39:19 UTC] PHP Fatal error:  Cannot redeclare motaphoto_settings_register() (previously declared in C:\Users\nheim\Local Sites\mota-photo\app\public\wp-content\themes\mota-photo\functions.php:13) in C:\Users\nheim\Local Sites\mota-photo\app\public\wp-content\themes\mota-photo\functions.php on line 23
[10-Sep-2025 12:40:19 UTC] PHP Fatal error:  Uncaught Error: Call to undefined function add_settings_section() in C:\Users\nheim\Local Sites\mota-photo\app\public\wp-content\themes\mota-photo\functions.php:25
Stack trace:
#0 C:\Users\nheim\Local Sites\mota-photo\app\public\wp-settings.php(695): include()
#1 C:\Users\nheim\Local Sites\mota-photo\app\public\wp-config.php(103): require_once('C:\\Users\\nheim\\...')
#2 C:\Users\nheim\Local Sites\mota-photo\app\public\wp-load.php(50): require_once('C:\\Users\\nheim\\...')
#3 C:\Users\nheim\Local Sites\mota-photo\app\public\wp-admin\admin.php(35): require_once('C:\\Users\\nheim\\...')
#4 C:\Users\nheim\Local Sites\mota-photo\app\public\wp-admin\themes.php(10): require_once('C:\\Users\\nheim\\...')
#5 {main}
  thrown in C:\Users\nheim\Local Sites\mota-photo\app\public\wp-content\themes\mota-photo\functions.php on line 25
[10-Sep-2025 12:40:19 UTC] PHP Fatal error:  Uncaught Error: Call to undefined function add_settings_section() in C:\Users\nheim\Local Sites\mota-photo\app\public\wp-content\themes\mota-photo\functions.php:25
Stack trace:
#0 C:\Users\nheim\Local Sites\mota-photo\app\public\wp-settings.php(695): include()
#1 C:\Users\nheim\Local Sites\mota-photo\app\public\wp-config.php(103): require_once('C:\\Users\\nheim\\...')
#2 C:\Users\nheim\Local Sites\mota-photo\app\public\wp-load.php(50): require_once('C:\\Users\\nheim\\...')
#3 C:\Users\nheim\Local Sites\mota-photo\app\public\wp-blog-header.php(13): require_once('C:\\Users\\nheim\\...')
#4 C:\Users\nheim\Local Sites\mota-photo\app\public\index.php(17): require('C:\\Users\\nheim\\...')
#5 {main}
  thrown in C:\Users\nheim\Local Sites\mota-photo\app\public\wp-content\themes\mota-photo\functions.php on line 25
[10-Sep-2025 12:40:20 UTC] PHP Fatal error:  Uncaught Error: Call to undefined function add_settings_section() in C:\Users\nheim\Local Sites\mota-photo\app\public\wp-content\themes\mota-photo\functions.php:25
Stack trace:
#0 C:\Users\nheim\Local Sites\mota-photo\app\public\wp-settings.php(695): include()
#1 C:\Users\nheim\Local Sites\mota-photo\app\public\wp-config.php(103): require_once('C:\\Users\\nheim\\...')
#2 C:\Users\nheim\Local Sites\mota-photo\app\public\wp-load.php(50): require_once('C:\\Users\\nheim\\...')
#3 C:\Users\nheim\Local Sites\mota-photo\app\public\wp-admin\admin.php(35): require_once('C:\\Users\\nheim\\...')
#4 C:\Users\nheim\Local Sites\mota-photo\app\public\wp-admin\themes.php(10): require_once('C:\\Users\\nheim\\...')
#5 {main}
  thrown in C:\Users\nheim\Local Sites\mota-photo\app\public\wp-content\themes\mota-photo\functions.php on line 25
[10-Sep-2025 12:40:20 UTC] PHP Fatal error:  Uncaught Error: Call to undefined function add_settings_section() in C:\Users\nheim\Local Sites\mota-photo\app\public\wp-content\themes\mota-photo\functions.php:25
Stack trace:
#0 C:\Users\nheim\Local Sites\mota-photo\app\public\wp-settings.php(695): include()
#1 C:\Users\nheim\Local Sites\mota-photo\app\public\wp-config.php(103): require_once('C:\\Users\\nheim\\...')
#2 C:\Users\nheim\Local Sites\mota-photo\app\public\wp-load.php(50): require_once('C:\\Users\\nheim\\...')
#3 C:\Users\nheim\Local Sites\mota-photo\app\public\wp-blog-header.php(13): require_once('C:\\Users\\nheim\\...')
#4 C:\Users\nheim\Local Sites\mota-photo\app\public\index.php(17): require('C:\\Users\\nheim\\...')
#5 {main}
  thrown in C:\Users\nheim\Local Sites\mota-photo\app\public\wp-content\themes\mota-photo\functions.php on line 25
[10-Sep-2025 12:40:22 UTC] PHP Fatal error:  Uncaught Error: Call to undefined function add_settings_section() in C:\Users\nheim\Local Sites\mota-photo\app\public\wp-content\themes\mota-photo\functions.php:25
Stack trace:
#0 C:\Users\nheim\Local Sites\mota-photo\app\public\wp-settings.php(695): include()
#1 C:\Users\nheim\Local Sites\mota-photo\app\public\wp-config.php(103): require_once('C:\\Users\\nheim\\...')
#2 C:\Users\nheim\Local Sites\mota-photo\app\public\wp-load.php(50): require_once('C:\\Users\\nheim\\...')
#3 C:\Users\nheim\Local Sites\mota-photo\app\public\wp-admin\admin.php(35): require_once('C:\\Users\\nheim\\...')
#4 C:\Users\nheim\Local Sites\mota-photo\app\public\wp-admin\themes.php(10): require_once('C:\\Users\\nheim\\...')
#5 {main}
  thrown in C:\Users\nheim\Local Sites\mota-photo\app\public\wp-content\themes\mota-photo\functions.php on line 25
[10-Sep-2025 12:40:22 UTC] PHP Fatal error:  Uncaught Error: Call to undefined function add_settings_section() in C:\Users\nheim\Local Sites\mota-photo\app\public\wp-content\themes\mota-photo\functions.php:25
Stack trace:
#0 C:\Users\nheim\Local Sites\mota-photo\app\public\wp-settings.php(695): include()
#1 C:\Users\nheim\Local Sites\mota-photo\app\public\wp-config.php(103): require_once('C:\\Users\\nheim\\...')
#2 C:\Users\nheim\Local Sites\mota-photo\app\public\wp-load.php(50): require_once('C:\\Users\\nheim\\...')
#3 C:\Users\nheim\Local Sites\mota-photo\app\public\wp-blog-header.php(13): require_once('C:\\Users\\nheim\\...')
#4 C:\Users\nheim\Local Sites\mota-photo\app\public\index.php(17): require('C:\\Users\\nheim\\...')
#5 {main}
  thrown in C:\Users\nheim\Local Sites\mota-photo\app\public\wp-content\themes\mota-photo\functions.php on line 25
[10-Sep-2025 12:40:48 UTC] PHP Fatal error:  Uncaught Error: Call to undefined function add_settings_section() in C:\Users\nheim\Local Sites\mota-photo\app\public\wp-content\themes\mota-photo\functions.php:25
Stack trace:
#0 C:\Users\nheim\Local Sites\mota-photo\app\public\wp-settings.php(695): include()
#1 C:\Users\nheim\Local Sites\mota-photo\app\public\wp-config.php(103): require_once('C:\\Users\\nheim\\...')
#2 C:\Users\nheim\Local Sites\mota-photo\app\public\wp-load.php(50): require_once('C:\\Users\\nheim\\...')
#3 C:\Users\nheim\Local Sites\mota-photo\app\public\wp-admin\admin.php(35): require_once('C:\\Users\\nheim\\...')
#4 C:\Users\nheim\Local Sites\mota-photo\app\public\wp-admin\themes.php(10): require_once('C:\\Users\\nheim\\...')
#5 {main}
  thrown in C:\Users\nheim\Local Sites\mota-photo\app\public\wp-content\themes\mota-photo\functions.php on line 25
[10-Sep-2025 12:40:48 UTC] PHP Fatal error:  Uncaught Error: Call to undefined function add_settings_section() in C:\Users\nheim\Local Sites\mota-photo\app\public\wp-content\themes\mota-photo\functions.php:25
Stack trace:
#0 C:\Users\nheim\Local Sites\mota-photo\app\public\wp-settings.php(695): include()
#1 C:\Users\nheim\Local Sites\mota-photo\app\public\wp-config.php(103): require_once('C:\\Users\\nheim\\...')
#2 C:\Users\nheim\Local Sites\mota-photo\app\public\wp-load.php(50): require_once('C:\\Users\\nheim\\...')
#3 C:\Users\nheim\Local Sites\mota-photo\app\public\wp-blog-header.php(13): require_once('C:\\Users\\nheim\\...')
#4 C:\Users\nheim\Local Sites\mota-photo\app\public\index.php(17): require('C:\\Users\\nheim\\...')
#5 {main}
  thrown in C:\Users\nheim\Local Sites\mota-photo\app\public\wp-content\themes\mota-photo\functions.php on line 25
[10-Sep-2025 12:40:50 UTC] PHP Fatal error:  Uncaught Error: Call to undefined function add_settings_section() in C:\Users\nheim\Local Sites\mota-photo\app\public\wp-content\themes\mota-photo\functions.php:25
Stack trace:
#0 C:\Users\nheim\Local Sites\mota-photo\app\public\wp-settings.php(695): include()
#1 C:\Users\nheim\Local Sites\mota-photo\app\public\wp-config.php(103): require_once('C:\\Users\\nheim\\...')
#2 C:\Users\nheim\Local Sites\mota-photo\app\public\wp-load.php(50): require_once('C:\\Users\\nheim\\...')
#3 C:\Users\nheim\Local Sites\mota-photo\app\public\wp-admin\admin.php(35): require_once('C:\\Users\\nheim\\...')
#4 C:\Users\nheim\Local Sites\mota-photo\app\public\wp-admin\themes.php(10): require_once('C:\\Users\\nheim\\...')
#5 {main}
  thrown in C:\Users\nheim\Local Sites\mota-photo\app\public\wp-content\themes\mota-photo\functions.php on line 25
[10-Sep-2025 12:40:50 UTC] PHP Fatal error:  Uncaught Error: Call to undefined function add_settings_section() in C:\Users\nheim\Local Sites\mota-photo\app\public\wp-content\themes\mota-photo\functions.php:25
Stack trace:
#0 C:\Users\nheim\Local Sites\mota-photo\app\public\wp-settings.php(695): include()
#1 C:\Users\nheim\Local Sites\mota-photo\app\public\wp-config.php(103): require_once('C:\\Users\\nheim\\...')
#2 C:\Users\nheim\Local Sites\mota-photo\app\public\wp-load.php(50): require_once('C:\\Users\\nheim\\...')
#3 C:\Users\nheim\Local Sites\mota-photo\app\public\wp-blog-header.php(13): require_once('C:\\Users\\nheim\\...')
#4 C:\Users\nheim\Local Sites\mota-photo\app\public\index.php(17): require('C:\\Users\\nheim\\...')
#5 {main}
  thrown in C:\Users\nheim\Local Sites\mota-photo\app\public\wp-content\themes\mota-photo\functions.php on line 25
[10-Sep-2025 12:40:51 UTC] PHP Fatal error:  Uncaught Error: Call to undefined function add_settings_section() in C:\Users\nheim\Local Sites\mota-photo\app\public\wp-content\themes\mota-photo\functions.php:25
Stack trace:
#0 C:\Users\nheim\Local Sites\mota-photo\app\public\wp-settings.php(695): include()
#1 C:\Users\nheim\Local Sites\mota-photo\app\public\wp-config.php(103): require_once('C:\\Users\\nheim\\...')
#2 C:\Users\nheim\Local Sites\mota-photo\app\public\wp-load.php(50): require_once('C:\\Users\\nheim\\...')
#3 C:\Users\nheim\Local Sites\mota-photo\app\public\wp-admin\admin.php(35): require_once('C:\\Users\\nheim\\...')
#4 C:\Users\nheim\Local Sites\mota-photo\app\public\wp-admin\themes.php(10): require_once('C:\\Users\\nheim\\...')
#5 {main}
  thrown in C:\Users\nheim\Local Sites\mota-photo\app\public\wp-content\themes\mota-photo\functions.php on line 25
[10-Sep-2025 12:40:51 UTC] PHP Fatal error:  Uncaught Error: Call to undefined function add_settings_section() in C:\Users\nheim\Local Sites\mota-photo\app\public\wp-content\themes\mota-photo\functions.php:25
Stack trace:
#0 C:\Users\nheim\Local Sites\mota-photo\app\public\wp-settings.php(695): include()
#1 C:\Users\nheim\Local Sites\mota-photo\app\public\wp-config.php(103): require_once('C:\\Users\\nheim\\...')
#2 C:\Users\nheim\Local Sites\mota-photo\app\public\wp-load.php(50): require_once('C:\\Users\\nheim\\...')
#3 C:\Users\nheim\Local Sites\mota-photo\app\public\wp-blog-header.php(13): require_once('C:\\Users\\nheim\\...')
#4 C:\Users\nheim\Local Sites\mota-photo\app\public\index.php(17): require('C:\\Users\\nheim\\...')
#5 {main}
  thrown in C:\Users\nheim\Local Sites\mota-photo\app\public\wp-content\themes\mota-photo\functions.php on line 25
[10-Sep-2025 12:40:51 UTC] PHP Fatal error:  Uncaught Error: Call to undefined function add_settings_section() in C:\Users\nheim\Local Sites\mota-photo\app\public\wp-content\themes\mota-photo\functions.php:25
Stack trace:
#0 C:\Users\nheim\Local Sites\mota-photo\app\public\wp-settings.php(695): include()
#1 C:\Users\nheim\Local Sites\mota-photo\app\public\wp-config.php(103): require_once('C:\\Users\\nheim\\...')
#2 C:\Users\nheim\Local Sites\mota-photo\app\public\wp-load.php(50): require_once('C:\\Users\\nheim\\...')
#3 C:\Users\nheim\Local Sites\mota-photo\app\public\wp-admin\admin.php(35): require_once('C:\\Users\\nheim\\...')
#4 C:\Users\nheim\Local Sites\mota-photo\app\public\wp-admin\themes.php(10): require_once('C:\\Users\\nheim\\...')
#5 {main}
  thrown in C:\Users\nheim\Local Sites\mota-photo\app\public\wp-content\themes\mota-photo\functions.php on line 25
[10-Sep-2025 12:40:51 UTC] PHP Fatal error:  Uncaught Error: Call to undefined function add_settings_section() in C:\Users\nheim\Local Sites\mota-photo\app\public\wp-content\themes\mota-photo\functions.php:25
Stack trace:
#0 C:\Users\nheim\Local Sites\mota-photo\app\public\wp-settings.php(695): include()
#1 C:\Users\nheim\Local Sites\mota-photo\app\public\wp-config.php(103): require_once('C:\\Users\\nheim\\...')
#2 C:\Users\nheim\Local Sites\mota-photo\app\public\wp-load.php(50): require_once('C:\\Users\\nheim\\...')
#3 C:\Users\nheim\Local Sites\mota-photo\app\public\wp-blog-header.php(13): require_once('C:\\Users\\nheim\\...')
#4 C:\Users\nheim\Local Sites\mota-photo\app\public\index.php(17): require('C:\\Users\\nheim\\...')
#5 {main}
  thrown in C:\Users\nheim\Local Sites\mota-photo\app\public\wp-content\themes\mota-photo\functions.php on line 25
[10-Sep-2025 12:40:53 UTC] PHP Fatal error:  Uncaught Error: Call to undefined function add_settings_section() in C:\Users\nheim\Local Sites\mota-photo\app\public\wp-content\themes\mota-photo\functions.php:25
Stack trace:
#0 C:\Users\nheim\Local Sites\mota-photo\app\public\wp-settings.php(695): include()
#1 C:\Users\nheim\Local Sites\mota-photo\app\public\wp-config.php(103): require_once('C:\\Users\\nheim\\...')
#2 C:\Users\nheim\Local Sites\mota-photo\app\public\wp-load.php(50): require_once('C:\\Users\\nheim\\...')
#3 C:\Users\nheim\Local Sites\mota-photo\app\public\wp-admin\admin.php(35): require_once('C:\\Users\\nheim\\...')
#4 C:\Users\nheim\Local Sites\mota-photo\app\public\wp-admin\themes.php(10): require_once('C:\\Users\\nheim\\...')
#5 {main}
  thrown in C:\Users\nheim\Local Sites\mota-photo\app\public\wp-content\themes\mota-photo\functions.php on line 25
[10-Sep-2025 12:40:53 UTC] PHP Fatal error:  Uncaught Error: Call to undefined function add_settings_section() in C:\Users\nheim\Local Sites\mota-photo\app\public\wp-content\themes\mota-photo\functions.php:25
Stack trace:
#0 C:\Users\nheim\Local Sites\mota-photo\app\public\wp-settings.php(695): include()
#1 C:\Users\nheim\Local Sites\mota-photo\app\public\wp-config.php(103): require_once('C:\\Users\\nheim\\...')
#2 C:\Users\nheim\Local Sites\mota-photo\app\public\wp-load.php(50): require_once('C:\\Users\\nheim\\...')
#3 C:\Users\nheim\Local Sites\mota-photo\app\public\wp-blog-header.php(13): require_once('C:\\Users\\nheim\\...')
#4 C:\Users\nheim\Local Sites\mota-photo\app\public\index.php(17): require('C:\\Users\\nheim\\...')
#5 {main}
  thrown in C:\Users\nheim\Local Sites\mota-photo\app\public\wp-content\themes\mota-photo\functions.php on line 25
[10-Sep-2025 12:40:53 UTC] PHP Fatal error:  Uncaught Error: Call to undefined function add_settings_section() in C:\Users\nheim\Local Sites\mota-photo\app\public\wp-content\themes\mota-photo\functions.php:25
Stack trace:
#0 C:\Users\nheim\Local Sites\mota-photo\app\public\wp-settings.php(695): include()
#1 C:\Users\nheim\Local Sites\mota-photo\app\public\wp-config.php(103): require_once('C:\\Users\\nheim\\...')
#2 C:\Users\nheim\Local Sites\mota-photo\app\public\wp-load.php(50): require_once('C:\\Users\\nheim\\...')
#3 C:\Users\nheim\Local Sites\mota-photo\app\public\wp-admin\admin.php(35): require_once('C:\\Users\\nheim\\...')
#4 C:\Users\nheim\Local Sites\mota-photo\app\public\wp-admin\themes.php(10): require_once('C:\\Users\\nheim\\...')
#5 {main}
  thrown in C:\Users\nheim\Local Sites\mota-photo\app\public\wp-content\themes\mota-photo\functions.php on line 25
[10-Sep-2025 12:40:54 UTC] PHP Fatal error:  Uncaught Error: Call to undefined function add_settings_section() in C:\Users\nheim\Local Sites\mota-photo\app\public\wp-content\themes\mota-photo\functions.php:25
Stack trace:
#0 C:\Users\nheim\Local Sites\mota-photo\app\public\wp-settings.php(695): include()
#1 C:\Users\nheim\Local Sites\mota-photo\app\public\wp-config.php(103): require_once('C:\\Users\\nheim\\...')
#2 C:\Users\nheim\Local Sites\mota-photo\app\public\wp-load.php(50): require_once('C:\\Users\\nheim\\...')
#3 C:\Users\nheim\Local Sites\mota-photo\app\public\wp-blog-header.php(13): require_once('C:\\Users\\nheim\\...')
#4 C:\Users\nheim\Local Sites\mota-photo\app\public\index.php(17): require('C:\\Users\\nheim\\...')
#5 {main}
  thrown in C:\Users\nheim\Local Sites\mota-photo\app\public\wp-content\themes\mota-photo\functions.php on line 25
[10-Sep-2025 12:40:54 UTC] PHP Fatal error:  Uncaught Error: Call to undefined function add_settings_section() in C:\Users\nheim\Local Sites\mota-photo\app\public\wp-content\themes\mota-photo\functions.php:25
Stack trace:
#0 C:\Users\nheim\Local Sites\mota-photo\app\public\wp-settings.php(695): include()
#1 C:\Users\nheim\Local Sites\mota-photo\app\public\wp-config.php(103): require_once('C:\\Users\\nheim\\...')
#2 C:\Users\nheim\Local Sites\mota-photo\app\public\wp-load.php(50): require_once('C:\\Users\\nheim\\...')
#3 C:\Users\nheim\Local Sites\mota-photo\app\public\wp-admin\admin.php(35): require_once('C:\\Users\\nheim\\...')
#4 C:\Users\nheim\Local Sites\mota-photo\app\public\wp-admin\themes.php(10): require_once('C:\\Users\\nheim\\...')
#5 {main}
  thrown in C:\Users\nheim\Local Sites\mota-photo\app\public\wp-content\themes\mota-photo\functions.php on line 25
[10-Sep-2025 12:40:54 UTC] PHP Fatal error:  Uncaught Error: Call to undefined function add_settings_section() in C:\Users\nheim\Local Sites\mota-photo\app\public\wp-content\themes\mota-photo\functions.php:25
Stack trace:
#0 C:\Users\nheim\Local Sites\mota-photo\app\public\wp-settings.php(695): include()
#1 C:\Users\nheim\Local Sites\mota-photo\app\public\wp-config.php(103): require_once('C:\\Users\\nheim\\...')
#2 C:\Users\nheim\Local Sites\mota-photo\app\public\wp-load.php(50): require_once('C:\\Users\\nheim\\...')
#3 C:\Users\nheim\Local Sites\mota-photo\app\public\wp-blog-header.php(13): require_once('C:\\Users\\nheim\\...')
#4 C:\Users\nheim\Local Sites\mota-photo\app\public\index.php(17): require('C:\\Users\\nheim\\...')
#5 {main}
  thrown in C:\Users\nheim\Local Sites\mota-photo\app\public\wp-content\themes\mota-photo\functions.php on line 25
[10-Sep-2025 12:40:54 UTC] PHP Fatal error:  Uncaught Error: Call to undefined function add_settings_section() in C:\Users\nheim\Local Sites\mota-photo\app\public\wp-content\themes\mota-photo\functions.php:25
Stack trace:
#0 C:\Users\nheim\Local Sites\mota-photo\app\public\wp-settings.php(695): include()
#1 C:\Users\nheim\Local Sites\mota-photo\app\public\wp-config.php(103): require_once('C:\\Users\\nheim\\...')
#2 C:\Users\nheim\Local Sites\mota-photo\app\public\wp-load.php(50): require_once('C:\\Users\\nheim\\...')
#3 C:\Users\nheim\Local Sites\mota-photo\app\public\wp-admin\admin.php(35): require_once('C:\\Users\\nheim\\...')
#4 C:\Users\nheim\Local Sites\mota-photo\app\public\wp-admin\themes.php(10): require_once('C:\\Users\\nheim\\...')
#5 {main}
  thrown in C:\Users\nheim\Local Sites\mota-photo\app\public\wp-content\themes\mota-photo\functions.php on line 25
[10-Sep-2025 12:40:54 UTC] PHP Fatal error:  Uncaught Error: Call to undefined function add_settings_section() in C:\Users\nheim\Local Sites\mota-photo\app\public\wp-content\themes\mota-photo\functions.php:25
Stack trace:
#0 C:\Users\nheim\Local Sites\mota-photo\app\public\wp-settings.php(695): include()
#1 C:\Users\nheim\Local Sites\mota-photo\app\public\wp-config.php(103): require_once('C:\\Users\\nheim\\...')
#2 C:\Users\nheim\Local Sites\mota-photo\app\public\wp-load.php(50): require_once('C:\\Users\\nheim\\...')
#3 C:\Users\nheim\Local Sites\mota-photo\app\public\wp-blog-header.php(13): require_once('C:\\Users\\nheim\\...')
#4 C:\Users\nheim\Local Sites\mota-photo\app\public\index.php(17): require('C:\\Users\\nheim\\...')
#5 {main}
  thrown in C:\Users\nheim\Local Sites\mota-photo\app\public\wp-content\themes\mota-photo\functions.php on line 25
[10-Sep-2025 12:40:55 UTC] PHP Fatal error:  Uncaught Error: Call to undefined function add_settings_section() in C:\Users\nheim\Local Sites\mota-photo\app\public\wp-content\themes\mota-photo\functions.php:25
Stack trace:
#0 C:\Users\nheim\Local Sites\mota-photo\app\public\wp-settings.php(695): include()
#1 C:\Users\nheim\Local Sites\mota-photo\app\public\wp-config.php(103): require_once('C:\\Users\\nheim\\...')
#2 C:\Users\nheim\Local Sites\mota-photo\app\public\wp-load.php(50): require_once('C:\\Users\\nheim\\...')
#3 C:\Users\nheim\Local Sites\mota-photo\app\public\wp-admin\admin.php(35): require_once('C:\\Users\\nheim\\...')
#4 C:\Users\nheim\Local Sites\mota-photo\app\public\wp-admin\themes.php(10): require_once('C:\\Users\\nheim\\...')
#5 {main}
  thrown in C:\Users\nheim\Local Sites\mota-photo\app\public\wp-content\themes\mota-photo\functions.php on line 25
[10-Sep-2025 12:40:55 UTC] PHP Fatal error:  Uncaught Error: Call to undefined function add_settings_section() in C:\Users\nheim\Local Sites\mota-photo\app\public\wp-content\themes\mota-photo\functions.php:25
Stack trace:
#0 C:\Users\nheim\Local Sites\mota-photo\app\public\wp-settings.php(695): include()
#1 C:\Users\nheim\Local Sites\mota-photo\app\public\wp-config.php(103): require_once('C:\\Users\\nheim\\...')
#2 C:\Users\nheim\Local Sites\mota-photo\app\public\wp-load.php(50): require_once('C:\\Users\\nheim\\...')
#3 C:\Users\nheim\Local Sites\mota-photo\app\public\wp-blog-header.php(13): require_once('C:\\Users\\nheim\\...')
#4 C:\Users\nheim\Local Sites\mota-photo\app\public\index.php(17): require('C:\\Users\\nheim\\...')
#5 {main}
  thrown in C:\Users\nheim\Local Sites\mota-photo\app\public\wp-content\themes\mota-photo\functions.php on line 25
[10-Sep-2025 12:40:55 UTC] PHP Fatal error:  Uncaught Error: Call to undefined function add_settings_section() in C:\Users\nheim\Local Sites\mota-photo\app\public\wp-content\themes\mota-photo\functions.php:25
Stack trace:
#0 C:\Users\nheim\Local Sites\mota-photo\app\public\wp-settings.php(695): include()
#1 C:\Users\nheim\Local Sites\mota-photo\app\public\wp-config.php(103): require_once('C:\\Users\\nheim\\...')
#2 C:\Users\nheim\Local Sites\mota-photo\app\public\wp-load.php(50): require_once('C:\\Users\\nheim\\...')
#3 C:\Users\nheim\Local Sites\mota-photo\app\public\wp-admin\admin.php(35): require_once('C:\\Users\\nheim\\...')
#4 C:\Users\nheim\Local Sites\mota-photo\app\public\wp-admin\themes.php(10): require_once('C:\\Users\\nheim\\...')
#5 {main}
  thrown in C:\Users\nheim\Local Sites\mota-photo\app\public\wp-content\themes\mota-photo\functions.php on line 25
[10-Sep-2025 12:40:55 UTC] PHP Fatal error:  Uncaught Error: Call to undefined function add_settings_section() in C:\Users\nheim\Local Sites\mota-photo\app\public\wp-content\themes\mota-photo\functions.php:25
Stack trace:
#0 C:\Users\nheim\Local Sites\mota-photo\app\public\wp-settings.php(695): include()
#1 C:\Users\nheim\Local Sites\mota-photo\app\public\wp-config.php(103): require_once('C:\\Users\\nheim\\...')
#2 C:\Users\nheim\Local Sites\mota-photo\app\public\wp-load.php(50): require_once('C:\\Users\\nheim\\...')
#3 C:\Users\nheim\Local Sites\mota-photo\app\public\wp-blog-header.php(13): require_once('C:\\Users\\nheim\\...')
#4 C:\Users\nheim\Local Sites\mota-photo\app\public\index.php(17): require('C:\\Users\\nheim\\...')
#5 {main}
  thrown in C:\Users\nheim\Local Sites\mota-photo\app\public\wp-content\themes\mota-photo\functions.php on line 25
[10-Sep-2025 12:40:55 UTC] PHP Fatal error:  Uncaught Error: Call to undefined function add_settings_section() in C:\Users\nheim\Local Sites\mota-photo\app\public\wp-content\themes\mota-photo\functions.php:25
Stack trace:
#0 C:\Users\nheim\Local Sites\mota-photo\app\public\wp-settings.php(695): include()
#1 C:\Users\nheim\Local Sites\mota-photo\app\public\wp-config.php(103): require_once('C:\\Users\\nheim\\...')
#2 C:\Users\nheim\Local Sites\mota-photo\app\public\wp-load.php(50): require_once('C:\\Users\\nheim\\...')
#3 C:\Users\nheim\Local Sites\mota-photo\app\public\wp-admin\admin.php(35): require_once('C:\\Users\\nheim\\...')
#4 C:\Users\nheim\Local Sites\mota-photo\app\public\wp-admin\themes.php(10): require_once('C:\\Users\\nheim\\...')
#5 {main}
  thrown in C:\Users\nheim\Local Sites\mota-photo\app\public\wp-content\themes\mota-photo\functions.php on line 25
[10-Sep-2025 12:40:55 UTC] PHP Fatal error:  Uncaught Error: Call to undefined function add_settings_section() in C:\Users\nheim\Local Sites\mota-photo\app\public\wp-content\themes\mota-photo\functions.php:25
Stack trace:
#0 C:\Users\nheim\Local Sites\mota-photo\app\public\wp-settings.php(695): include()
#1 C:\Users\nheim\Local Sites\mota-photo\app\public\wp-config.php(103): require_once('C:\\Users\\nheim\\...')
#2 C:\Users\nheim\Local Sites\mota-photo\app\public\wp-load.php(50): require_once('C:\\Users\\nheim\\...')
#3 C:\Users\nheim\Local Sites\mota-photo\app\public\wp-blog-header.php(13): require_once('C:\\Users\\nheim\\...')
#4 C:\Users\nheim\Local Sites\mota-photo\app\public\index.php(17): require('C:\\Users\\nheim\\...')
#5 {main}
  thrown in C:\Users\nheim\Local Sites\mota-photo\app\public\wp-content\themes\mota-photo\functions.php on line 25
[10-Sep-2025 12:40:55 UTC] PHP Fatal error:  Uncaught Error: Call to undefined function add_settings_section() in C:\Users\nheim\Local Sites\mota-photo\app\public\wp-content\themes\mota-photo\functions.php:25
Stack trace:
#0 C:\Users\nheim\Local Sites\mota-photo\app\public\wp-settings.php(695): include()
#1 C:\Users\nheim\Local Sites\mota-photo\app\public\wp-config.php(103): require_once('C:\\Users\\nheim\\...')
#2 C:\Users\nheim\Local Sites\mota-photo\app\public\wp-load.php(50): require_once('C:\\Users\\nheim\\...')
#3 C:\Users\nheim\Local Sites\mota-photo\app\public\wp-admin\admin.php(35): require_once('C:\\Users\\nheim\\...')
#4 C:\Users\nheim\Local Sites\mota-photo\app\public\wp-admin\themes.php(10): require_once('C:\\Users\\nheim\\...')
#5 {main}
  thrown in C:\Users\nheim\Local Sites\mota-photo\app\public\wp-content\themes\mota-photo\functions.php on line 25
[10-Sep-2025 12:40:55 UTC] PHP Fatal error:  Uncaught Error: Call to undefined function add_settings_section() in C:\Users\nheim\Local Sites\mota-photo\app\public\wp-content\themes\mota-photo\functions.php:25
Stack trace:
#0 C:\Users\nheim\Local Sites\mota-photo\app\public\wp-settings.php(695): include()
#1 C:\Users\nheim\Local Sites\mota-photo\app\public\wp-config.php(103): require_once('C:\\Users\\nheim\\...')
#2 C:\Users\nheim\Local Sites\mota-photo\app\public\wp-load.php(50): require_once('C:\\Users\\nheim\\...')
#3 C:\Users\nheim\Local Sites\mota-photo\app\public\wp-blog-header.php(13): require_once('C:\\Users\\nheim\\...')
#4 C:\Users\nheim\Local Sites\mota-photo\app\public\index.php(17): require('C:\\Users\\nheim\\...')
#5 {main}
  thrown in C:\Users\nheim\Local Sites\mota-photo\app\public\wp-content\themes\mota-photo\functions.php on line 25
[10-Sep-2025 12:40:56 UTC] PHP Fatal error:  Uncaught Error: Call to undefined function add_settings_section() in C:\Users\nheim\Local Sites\mota-photo\app\public\wp-content\themes\mota-photo\functions.php:25
Stack trace:
#0 C:\Users\nheim\Local Sites\mota-photo\app\public\wp-settings.php(695): include()
#1 C:\Users\nheim\Local Sites\mota-photo\app\public\wp-config.php(103): require_once('C:\\Users\\nheim\\...')
#2 C:\Users\nheim\Local Sites\mota-photo\app\public\wp-load.php(50): require_once('C:\\Users\\nheim\\...')
#3 C:\Users\nheim\Local Sites\mota-photo\app\public\wp-admin\admin.php(35): require_once('C:\\Users\\nheim\\...')
#4 C:\Users\nheim\Local Sites\mota-photo\app\public\wp-admin\themes.php(10): require_once('C:\\Users\\nheim\\...')
#5 {main}
  thrown in C:\Users\nheim\Local Sites\mota-photo\app\public\wp-content\themes\mota-photo\functions.php on line 25
[10-Sep-2025 12:40:56 UTC] PHP Fatal error:  Uncaught Error: Call to undefined function add_settings_section() in C:\Users\nheim\Local Sites\mota-photo\app\public\wp-content\themes\mota-photo\functions.php:25
Stack trace:
#0 C:\Users\nheim\Local Sites\mota-photo\app\public\wp-settings.php(695): include()
#1 C:\Users\nheim\Local Sites\mota-photo\app\public\wp-config.php(103): require_once('C:\\Users\\nheim\\...')
#2 C:\Users\nheim\Local Sites\mota-photo\app\public\wp-load.php(50): require_once('C:\\Users\\nheim\\...')
#3 C:\Users\nheim\Local Sites\mota-photo\app\public\wp-blog-header.php(13): require_once('C:\\Users\\nheim\\...')
#4 C:\Users\nheim\Local Sites\mota-photo\app\public\index.php(17): require('C:\\Users\\nheim\\...')
#5 {main}
  thrown in C:\Users\nheim\Local Sites\mota-photo\app\public\wp-content\themes\mota-photo\functions.php on line 25
[10-Sep-2025 12:40:56 UTC] PHP Fatal error:  Uncaught Error: Call to undefined function add_settings_section() in C:\Users\nheim\Local Sites\mota-photo\app\public\wp-content\themes\mota-photo\functions.php:25
Stack trace:
#0 C:\Users\nheim\Local Sites\mota-photo\app\public\wp-settings.php(695): include()
#1 C:\Users\nheim\Local Sites\mota-photo\app\public\wp-config.php(103): require_once('C:\\Users\\nheim\\...')
#2 C:\Users\nheim\Local Sites\mota-photo\app\public\wp-load.php(50): require_once('C:\\Users\\nheim\\...')
#3 C:\Users\nheim\Local Sites\mota-photo\app\public\wp-admin\admin.php(35): require_once('C:\\Users\\nheim\\...')
#4 C:\Users\nheim\Local Sites\mota-photo\app\public\wp-admin\themes.php(10): require_once('C:\\Users\\nheim\\...')
#5 {main}
  thrown in C:\Users\nheim\Local Sites\mota-photo\app\public\wp-content\themes\mota-photo\functions.php on line 25
[10-Sep-2025 12:40:56 UTC] PHP Fatal error:  Uncaught Error: Call to undefined function add_settings_section() in C:\Users\nheim\Local Sites\mota-photo\app\public\wp-content\themes\mota-photo\functions.php:25
Stack trace:
#0 C:\Users\nheim\Local Sites\mota-photo\app\public\wp-settings.php(695): include()
#1 C:\Users\nheim\Local Sites\mota-photo\app\public\wp-config.php(103): require_once('C:\\Users\\nheim\\...')
#2 C:\Users\nheim\Local Sites\mota-photo\app\public\wp-load.php(50): require_once('C:\\Users\\nheim\\...')
#3 C:\Users\nheim\Local Sites\mota-photo\app\public\wp-blog-header.php(13): require_once('C:\\Users\\nheim\\...')
#4 C:\Users\nheim\Local Sites\mota-photo\app\public\index.php(17): require('C:\\Users\\nheim\\...')
#5 {main}
  thrown in C:\Users\nheim\Local Sites\mota-photo\app\public\wp-content\themes\mota-photo\functions.php on line 25
[10-Sep-2025 12:40:56 UTC] PHP Fatal error:  Uncaught Error: Call to undefined function add_settings_section() in C:\Users\nheim\Local Sites\mota-photo\app\public\wp-content\themes\mota-photo\functions.php:25
Stack trace:
#0 C:\Users\nheim\Local Sites\mota-photo\app\public\wp-settings.php(695): include()
#1 C:\Users\nheim\Local Sites\mota-photo\app\public\wp-config.php(103): require_once('C:\\Users\\nheim\\...')
#2 C:\Users\nheim\Local Sites\mota-photo\app\public\wp-load.php(50): require_once('C:\\Users\\nheim\\...')
#3 C:\Users\nheim\Local Sites\mota-photo\app\public\wp-admin\admin.php(35): require_once('C:\\Users\\nheim\\...')
#4 C:\Users\nheim\Local Sites\mota-photo\app\public\wp-admin\themes.php(10): require_once('C:\\Users\\nheim\\...')
#5 {main}
  thrown in C:\Users\nheim\Local Sites\mota-photo\app\public\wp-content\themes\mota-photo\functions.php on line 25
[10-Sep-2025 12:40:56 UTC] PHP Fatal error:  Uncaught Error: Call to undefined function add_settings_section() in C:\Users\nheim\Local Sites\mota-photo\app\public\wp-content\themes\mota-photo\functions.php:25
Stack trace:
#0 C:\Users\nheim\Local Sites\mota-photo\app\public\wp-settings.php(695): include()
#1 C:\Users\nheim\Local Sites\mota-photo\app\public\wp-config.php(103): require_once('C:\\Users\\nheim\\...')
#2 C:\Users\nheim\Local Sites\mota-photo\app\public\wp-load.php(50): require_once('C:\\Users\\nheim\\...')
#3 C:\Users\nheim\Local Sites\mota-photo\app\public\wp-blog-header.php(13): require_once('C:\\Users\\nheim\\...')
#4 C:\Users\nheim\Local Sites\mota-photo\app\public\index.php(17): require('C:\\Users\\nheim\\...')
#5 {main}
  thrown in C:\Users\nheim\Local Sites\mota-photo\app\public\wp-content\themes\mota-photo\functions.php on line 25
[10-Sep-2025 12:40:56 UTC] PHP Fatal error:  Uncaught Error: Call to undefined function add_settings_section() in C:\Users\nheim\Local Sites\mota-photo\app\public\wp-content\themes\mota-photo\functions.php:25
Stack trace:
#0 C:\Users\nheim\Local Sites\mota-photo\app\public\wp-settings.php(695): include()
#1 C:\Users\nheim\Local Sites\mota-photo\app\public\wp-config.php(103): require_once('C:\\Users\\nheim\\...')
#2 C:\Users\nheim\Local Sites\mota-photo\app\public\wp-load.php(50): require_once('C:\\Users\\nheim\\...')
#3 C:\Users\nheim\Local Sites\mota-photo\app\public\wp-admin\admin.php(35): require_once('C:\\Users\\nheim\\...')
#4 C:\Users\nheim\Local Sites\mota-photo\app\public\wp-admin\themes.php(10): require_once('C:\\Users\\nheim\\...')
#5 {main}
  thrown in C:\Users\nheim\Local Sites\mota-photo\app\public\wp-content\themes\mota-photo\functions.php on line 25
[10-Sep-2025 12:40:56 UTC] PHP Fatal error:  Uncaught Error: Call to undefined function add_settings_section() in C:\Users\nheim\Local Sites\mota-photo\app\public\wp-content\themes\mota-photo\functions.php:25
Stack trace:
#0 C:\Users\nheim\Local Sites\mota-photo\app\public\wp-settings.php(695): include()
#1 C:\Users\nheim\Local Sites\mota-photo\app\public\wp-config.php(103): require_once('C:\\Users\\nheim\\...')
#2 C:\Users\nheim\Local Sites\mota-photo\app\public\wp-load.php(50): require_once('C:\\Users\\nheim\\...')
#3 C:\Users\nheim\Local Sites\mota-photo\app\public\wp-blog-header.php(13): require_once('C:\\Users\\nheim\\...')
#4 C:\Users\nheim\Local Sites\mota-photo\app\public\index.php(17): require('C:\\Users\\nheim\\...')
#5 {main}
  thrown in C:\Users\nheim\Local Sites\mota-photo\app\public\wp-content\themes\mota-photo\functions.php on line 25
[10-Sep-2025 12:40:57 UTC] PHP Fatal error:  Uncaught Error: Call to undefined function add_settings_section() in C:\Users\nheim\Local Sites\mota-photo\app\public\wp-content\themes\mota-photo\functions.php:25
Stack trace:
#0 C:\Users\nheim\Local Sites\mota-photo\app\public\wp-settings.php(695): include()
#1 C:\Users\nheim\Local Sites\mota-photo\app\public\wp-config.php(103): require_once('C:\\Users\\nheim\\...')
#2 C:\Users\nheim\Local Sites\mota-photo\app\public\wp-load.php(50): require_once('C:\\Users\\nheim\\...')
#3 C:\Users\nheim\Local Sites\mota-photo\app\public\wp-admin\admin.php(35): require_once('C:\\Users\\nheim\\...')
#4 C:\Users\nheim\Local Sites\mota-photo\app\public\wp-admin\themes.php(10): require_once('C:\\Users\\nheim\\...')
#5 {main}
  thrown in C:\Users\nheim\Local Sites\mota-photo\app\public\wp-content\themes\mota-photo\functions.php on line 25
[10-Sep-2025 12:40:57 UTC] PHP Fatal error:  Uncaught Error: Call to undefined function add_settings_section() in C:\Users\nheim\Local Sites\mota-photo\app\public\wp-content\themes\mota-photo\functions.php:25
Stack trace:
#0 C:\Users\nheim\Local Sites\mota-photo\app\public\wp-settings.php(695): include()
#1 C:\Users\nheim\Local Sites\mota-photo\app\public\wp-config.php(103): require_once('C:\\Users\\nheim\\...')
#2 C:\Users\nheim\Local Sites\mota-photo\app\public\wp-load.php(50): require_once('C:\\Users\\nheim\\...')
#3 C:\Users\nheim\Local Sites\mota-photo\app\public\wp-blog-header.php(13): require_once('C:\\Users\\nheim\\...')
#4 C:\Users\nheim\Local Sites\mota-photo\app\public\index.php(17): require('C:\\Users\\nheim\\...')
#5 {main}
  thrown in C:\Users\nheim\Local Sites\mota-photo\app\public\wp-content\themes\mota-photo\functions.php on line 25
[10-Sep-2025 12:40:57 UTC] PHP Fatal error:  Uncaught Error: Call to undefined function add_settings_section() in C:\Users\nheim\Local Sites\mota-photo\app\public\wp-content\themes\mota-photo\functions.php:25
Stack trace:
#0 C:\Users\nheim\Local Sites\mota-photo\app\public\wp-settings.php(695): include()
#1 C:\Users\nheim\Local Sites\mota-photo\app\public\wp-config.php(103): require_once('C:\\Users\\nheim\\...')
#2 C:\Users\nheim\Local Sites\mota-photo\app\public\wp-load.php(50): require_once('C:\\Users\\nheim\\...')
#3 C:\Users\nheim\Local Sites\mota-photo\app\public\wp-admin\admin.php(35): require_once('C:\\Users\\nheim\\...')
#4 C:\Users\nheim\Local Sites\mota-photo\app\public\wp-admin\themes.php(10): require_once('C:\\Users\\nheim\\...')
#5 {main}
  thrown in C:\Users\nheim\Local Sites\mota-photo\app\public\wp-content\themes\mota-photo\functions.php on line 25
[10-Sep-2025 12:40:57 UTC] PHP Fatal error:  Uncaught Error: Call to undefined function add_settings_section() in C:\Users\nheim\Local Sites\mota-photo\app\public\wp-content\themes\mota-photo\functions.php:25
Stack trace:
#0 C:\Users\nheim\Local Sites\mota-photo\app\public\wp-settings.php(695): include()
#1 C:\Users\nheim\Local Sites\mota-photo\app\public\wp-config.php(103): require_once('C:\\Users\\nheim\\...')
#2 C:\Users\nheim\Local Sites\mota-photo\app\public\wp-load.php(50): require_once('C:\\Users\\nheim\\...')
#3 C:\Users\nheim\Local Sites\mota-photo\app\public\wp-blog-header.php(13): require_once('C:\\Users\\nheim\\...')
#4 C:\Users\nheim\Local Sites\mota-photo\app\public\index.php(17): require('C:\\Users\\nheim\\...')
#5 {main}
  thrown in C:\Users\nheim\Local Sites\mota-photo\app\public\wp-content\themes\mota-photo\functions.php on line 25
[10-Sep-2025 12:40:57 UTC] PHP Fatal error:  Uncaught Error: Call to undefined function add_settings_section() in C:\Users\nheim\Local Sites\mota-photo\app\public\wp-content\themes\mota-photo\functions.php:25
Stack trace:
#0 C:\Users\nheim\Local Sites\mota-photo\app\public\wp-settings.php(695): include()
#1 C:\Users\nheim\Local Sites\mota-photo\app\public\wp-config.php(103): require_once('C:\\Users\\nheim\\...')
#2 C:\Users\nheim\Local Sites\mota-photo\app\public\wp-load.php(50): require_once('C:\\Users\\nheim\\...')
#3 C:\Users\nheim\Local Sites\mota-photo\app\public\wp-admin\admin.php(35): require_once('C:\\Users\\nheim\\...')
#4 C:\Users\nheim\Local Sites\mota-photo\app\public\wp-admin\themes.php(10): require_once('C:\\Users\\nheim\\...')
#5 {main}
  thrown in C:\Users\nheim\Local Sites\mota-photo\app\public\wp-content\themes\mota-photo\functions.php on line 25
[10-Sep-2025 12:40:57 UTC] PHP Fatal error:  Uncaught Error: Call to undefined function add_settings_section() in C:\Users\nheim\Local Sites\mota-photo\app\public\wp-content\themes\mota-photo\functions.php:25
Stack trace:
#0 C:\Users\nheim\Local Sites\mota-photo\app\public\wp-settings.php(695): include()
#1 C:\Users\nheim\Local Sites\mota-photo\app\public\wp-config.php(103): require_once('C:\\Users\\nheim\\...')
#2 C:\Users\nheim\Local Sites\mota-photo\app\public\wp-load.php(50): require_once('C:\\Users\\nheim\\...')
#3 C:\Users\nheim\Local Sites\mota-photo\app\public\wp-blog-header.php(13): require_once('C:\\Users\\nheim\\...')
#4 C:\Users\nheim\Local Sites\mota-photo\app\public\index.php(17): require('C:\\Users\\nheim\\...')
#5 {main}
  thrown in C:\Users\nheim\Local Sites\mota-photo\app\public\wp-content\themes\mota-photo\functions.php on line 25
[10-Sep-2025 12:40:57 UTC] PHP Fatal error:  Uncaught Error: Call to undefined function add_settings_section() in C:\Users\nheim\Local Sites\mota-photo\app\public\wp-content\themes\mota-photo\functions.php:25
Stack trace:
#0 C:\Users\nheim\Local Sites\mota-photo\app\public\wp-settings.php(695): include()
#1 C:\Users\nheim\Local Sites\mota-photo\app\public\wp-config.php(103): require_once('C:\\Users\\nheim\\...')
#2 C:\Users\nheim\Local Sites\mota-photo\app\public\wp-load.php(50): require_once('C:\\Users\\nheim\\...')
#3 C:\Users\nheim\Local Sites\mota-photo\app\public\wp-admin\admin.php(35): require_once('C:\\Users\\nheim\\...')
#4 C:\Users\nheim\Local Sites\mota-photo\app\public\wp-admin\themes.php(10): require_once('C:\\Users\\nheim\\...')
#5 {main}
  thrown in C:\Users\nheim\Local Sites\mota-photo\app\public\wp-content\themes\mota-photo\functions.php on line 25
[10-Sep-2025 12:40:58 UTC] PHP Fatal error:  Uncaught Error: Call to undefined function add_settings_section() in C:\Users\nheim\Local Sites\mota-photo\app\public\wp-content\themes\mota-photo\functions.php:25
Stack trace:
#0 C:\Users\nheim\Local Sites\mota-photo\app\public\wp-settings.php(695): include()
#1 C:\Users\nheim\Local Sites\mota-photo\app\public\wp-config.php(103): require_once('C:\\Users\\nheim\\...')
#2 C:\Users\nheim\Local Sites\mota-photo\app\public\wp-load.php(50): require_once('C:\\Users\\nheim\\...')
#3 C:\Users\nheim\Local Sites\mota-photo\app\public\wp-blog-header.php(13): require_once('C:\\Users\\nheim\\...')
#4 C:\Users\nheim\Local Sites\mota-photo\app\public\index.php(17): require('C:\\Users\\nheim\\...')
#5 {main}
  thrown in C:\Users\nheim\Local Sites\mota-photo\app\public\wp-content\themes\mota-photo\functions.php on line 25
[10-Sep-2025 12:40:58 UTC] PHP Fatal error:  Uncaught Error: Call to undefined function add_settings_section() in C:\Users\nheim\Local Sites\mota-photo\app\public\wp-content\themes\mota-photo\functions.php:25
Stack trace:
#0 C:\Users\nheim\Local Sites\mota-photo\app\public\wp-settings.php(695): include()
#1 C:\Users\nheim\Local Sites\mota-photo\app\public\wp-config.php(103): require_once('C:\\Users\\nheim\\...')
#2 C:\Users\nheim\Local Sites\mota-photo\app\public\wp-load.php(50): require_once('C:\\Users\\nheim\\...')
#3 C:\Users\nheim\Local Sites\mota-photo\app\public\wp-admin\admin.php(35): require_once('C:\\Users\\nheim\\...')
#4 C:\Users\nheim\Local Sites\mota-photo\app\public\wp-admin\themes.php(10): require_once('C:\\Users\\nheim\\...')
#5 {main}
  thrown in C:\Users\nheim\Local Sites\mota-photo\app\public\wp-content\themes\mota-photo\functions.php on line 25
[10-Sep-2025 12:40:58 UTC] PHP Fatal error:  Uncaught Error: Call to undefined function add_settings_section() in C:\Users\nheim\Local Sites\mota-photo\app\public\wp-content\themes\mota-photo\functions.php:25
Stack trace:
#0 C:\Users\nheim\Local Sites\mota-photo\app\public\wp-settings.php(695): include()
#1 C:\Users\nheim\Local Sites\mota-photo\app\public\wp-config.php(103): require_once('C:\\Users\\nheim\\...')
#2 C:\Users\nheim\Local Sites\mota-photo\app\public\wp-load.php(50): require_once('C:\\Users\\nheim\\...')
#3 C:\Users\nheim\Local Sites\mota-photo\app\public\wp-blog-header.php(13): require_once('C:\\Users\\nheim\\...')
#4 C:\Users\nheim\Local Sites\mota-photo\app\public\index.php(17): require('C:\\Users\\nheim\\...')
#5 {main}
  thrown in C:\Users\nheim\Local Sites\mota-photo\app\public\wp-content\themes\mota-photo\functions.php on line 25
[10-Sep-2025 12:40:58 UTC] PHP Fatal error:  Uncaught Error: Call to undefined function add_settings_section() in C:\Users\nheim\Local Sites\mota-photo\app\public\wp-content\themes\mota-photo\functions.php:25
Stack trace:
#0 C:\Users\nheim\Local Sites\mota-photo\app\public\wp-settings.php(695): include()
#1 C:\Users\nheim\Local Sites\mota-photo\app\public\wp-config.php(103): require_once('C:\\Users\\nheim\\...')
#2 C:\Users\nheim\Local Sites\mota-photo\app\public\wp-load.php(50): require_once('C:\\Users\\nheim\\...')
#3 C:\Users\nheim\Local Sites\mota-photo\app\public\wp-admin\admin.php(35): require_once('C:\\Users\\nheim\\...')
#4 C:\Users\nheim\Local Sites\mota-photo\app\public\wp-admin\themes.php(10): require_once('C:\\Users\\nheim\\...')
#5 {main}
  thrown in C:\Users\nheim\Local Sites\mota-photo\app\public\wp-content\themes\mota-photo\functions.php on line 25
[10-Sep-2025 12:40:58 UTC] PHP Fatal error:  Uncaught Error: Call to undefined function add_settings_section() in C:\Users\nheim\Local Sites\mota-photo\app\public\wp-content\themes\mota-photo\functions.php:25
Stack trace:
#0 C:\Users\nheim\Local Sites\mota-photo\app\public\wp-settings.php(695): include()
#1 C:\Users\nheim\Local Sites\mota-photo\app\public\wp-config.php(103): require_once('C:\\Users\\nheim\\...')
#2 C:\Users\nheim\Local Sites\mota-photo\app\public\wp-load.php(50): require_once('C:\\Users\\nheim\\...')
#3 C:\Users\nheim\Local Sites\mota-photo\app\public\wp-blog-header.php(13): require_once('C:\\Users\\nheim\\...')
#4 C:\Users\nheim\Local Sites\mota-photo\app\public\index.php(17): require('C:\\Users\\nheim\\...')
#5 {main}
  thrown in C:\Users\nheim\Local Sites\mota-photo\app\public\wp-content\themes\mota-photo\functions.php on line 25
[10-Sep-2025 12:40:58 UTC] PHP Fatal error:  Uncaught Error: Call to undefined function add_settings_section() in C:\Users\nheim\Local Sites\mota-photo\app\public\wp-content\themes\mota-photo\functions.php:25
Stack trace:
#0 C:\Users\nheim\Local Sites\mota-photo\app\public\wp-settings.php(695): include()
#1 C:\Users\nheim\Local Sites\mota-photo\app\public\wp-config.php(103): require_once('C:\\Users\\nheim\\...')
#2 C:\Users\nheim\Local Sites\mota-photo\app\public\wp-load.php(50): require_once('C:\\Users\\nheim\\...')
#3 C:\Users\nheim\Local Sites\mota-photo\app\public\wp-admin\admin.php(35): require_once('C:\\Users\\nheim\\...')
#4 C:\Users\nheim\Local Sites\mota-photo\app\public\wp-admin\themes.php(10): require_once('C:\\Users\\nheim\\...')
#5 {main}
  thrown in C:\Users\nheim\Local Sites\mota-photo\app\public\wp-content\themes\mota-photo\functions.php on line 25
[10-Sep-2025 12:40:58 UTC] PHP Fatal error:  Uncaught Error: Call to undefined function add_settings_section() in C:\Users\nheim\Local Sites\mota-photo\app\public\wp-content\themes\mota-photo\functions.php:25
Stack trace:
#0 C:\Users\nheim\Local Sites\mota-photo\app\public\wp-settings.php(695): include()
#1 C:\Users\nheim\Local Sites\mota-photo\app\public\wp-config.php(103): require_once('C:\\Users\\nheim\\...')
#2 C:\Users\nheim\Local Sites\mota-photo\app\public\wp-load.php(50): require_once('C:\\Users\\nheim\\...')
#3 C:\Users\nheim\Local Sites\mota-photo\app\public\wp-blog-header.php(13): require_once('C:\\Users\\nheim\\...')
#4 C:\Users\nheim\Local Sites\mota-photo\app\public\index.php(17): require('C:\\Users\\nheim\\...')
#5 {main}
  thrown in C:\Users\nheim\Local Sites\mota-photo\app\public\wp-content\themes\mota-photo\functions.php on line 25
[10-Sep-2025 12:40:59 UTC] PHP Fatal error:  Uncaught Error: Call to undefined function add_settings_section() in C:\Users\nheim\Local Sites\mota-photo\app\public\wp-content\themes\mota-photo\functions.php:25
Stack trace:
#0 C:\Users\nheim\Local Sites\mota-photo\app\public\wp-settings.php(695): include()
#1 C:\Users\nheim\Local Sites\mota-photo\app\public\wp-config.php(103): require_once('C:\\Users\\nheim\\...')
#2 C:\Users\nheim\Local Sites\mota-photo\app\public\wp-load.php(50): require_once('C:\\Users\\nheim\\...')
#3 C:\Users\nheim\Local Sites\mota-photo\app\public\wp-admin\admin.php(35): require_once('C:\\Users\\nheim\\...')
#4 C:\Users\nheim\Local Sites\mota-photo\app\public\wp-admin\themes.php(10): require_once('C:\\Users\\nheim\\...')
#5 {main}
  thrown in C:\Users\nheim\Local Sites\mota-photo\app\public\wp-content\themes\mota-photo\functions.php on line 25
[10-Sep-2025 12:40:59 UTC] PHP Fatal error:  Uncaught Error: Call to undefined function add_settings_section() in C:\Users\nheim\Local Sites\mota-photo\app\public\wp-content\themes\mota-photo\functions.php:25
Stack trace:
#0 C:\Users\nheim\Local Sites\mota-photo\app\public\wp-settings.php(695): include()
#1 C:\Users\nheim\Local Sites\mota-photo\app\public\wp-config.php(103): require_once('C:\\Users\\nheim\\...')
#2 C:\Users\nheim\Local Sites\mota-photo\app\public\wp-load.php(50): require_once('C:\\Users\\nheim\\...')
#3 C:\Users\nheim\Local Sites\mota-photo\app\public\wp-blog-header.php(13): require_once('C:\\Users\\nheim\\...')
#4 C:\Users\nheim\Local Sites\mota-photo\app\public\index.php(17): require('C:\\Users\\nheim\\...')
#5 {main}
  thrown in C:\Users\nheim\Local Sites\mota-photo\app\public\wp-content\themes\mota-photo\functions.php on line 25
[10-Sep-2025 12:40:59 UTC] PHP Fatal error:  Uncaught Error: Call to undefined function add_settings_section() in C:\Users\nheim\Local Sites\mota-photo\app\public\wp-content\themes\mota-photo\functions.php:25
Stack trace:
#0 C:\Users\nheim\Local Sites\mota-photo\app\public\wp-settings.php(695): include()
#1 C:\Users\nheim\Local Sites\mota-photo\app\public\wp-config.php(103): require_once('C:\\Users\\nheim\\...')
#2 C:\Users\nheim\Local Sites\mota-photo\app\public\wp-load.php(50): require_once('C:\\Users\\nheim\\...')
#3 C:\Users\nheim\Local Sites\mota-photo\app\public\wp-admin\admin.php(35): require_once('C:\\Users\\nheim\\...')
#4 C:\Users\nheim\Local Sites\mota-photo\app\public\wp-admin\themes.php(10): require_once('C:\\Users\\nheim\\...')
#5 {main}
  thrown in C:\Users\nheim\Local Sites\mota-photo\app\public\wp-content\themes\mota-photo\functions.php on line 25
[10-Sep-2025 12:40:59 UTC] PHP Fatal error:  Uncaught Error: Call to undefined function add_settings_section() in C:\Users\nheim\Local Sites\mota-photo\app\public\wp-content\themes\mota-photo\functions.php:25
Stack trace:
#0 C:\Users\nheim\Local Sites\mota-photo\app\public\wp-settings.php(695): include()
#1 C:\Users\nheim\Local Sites\mota-photo\app\public\wp-config.php(103): require_once('C:\\Users\\nheim\\...')
#2 C:\Users\nheim\Local Sites\mota-photo\app\public\wp-load.php(50): require_once('C:\\Users\\nheim\\...')
#3 C:\Users\nheim\Local Sites\mota-photo\app\public\wp-blog-header.php(13): require_once('C:\\Users\\nheim\\...')
#4 C:\Users\nheim\Local Sites\mota-photo\app\public\index.php(17): require('C:\\Users\\nheim\\...')
#5 {main}
  thrown in C:\Users\nheim\Local Sites\mota-photo\app\public\wp-content\themes\mota-photo\functions.php on line 25
[10-Sep-2025 12:40:59 UTC] PHP Fatal error:  Uncaught Error: Call to undefined function add_settings_section() in C:\Users\nheim\Local Sites\mota-photo\app\public\wp-content\themes\mota-photo\functions.php:25
Stack trace:
#0 C:\Users\nheim\Local Sites\mota-photo\app\public\wp-settings.php(695): include()
#1 C:\Users\nheim\Local Sites\mota-photo\app\public\wp-config.php(103): require_once('C:\\Users\\nheim\\...')
#2 C:\Users\nheim\Local Sites\mota-photo\app\public\wp-load.php(50): require_once('C:\\Users\\nheim\\...')
#3 C:\Users\nheim\Local Sites\mota-photo\app\public\wp-admin\admin.php(35): require_once('C:\\Users\\nheim\\...')
#4 C:\Users\nheim\Local Sites\mota-photo\app\public\wp-admin\themes.php(10): require_once('C:\\Users\\nheim\\...')
#5 {main}
  thrown in C:\Users\nheim\Local Sites\mota-photo\app\public\wp-content\themes\mota-photo\functions.php on line 25
[10-Sep-2025 12:40:59 UTC] PHP Fatal error:  Uncaught Error: Call to undefined function add_settings_section() in C:\Users\nheim\Local Sites\mota-photo\app\public\wp-content\themes\mota-photo\functions.php:25
Stack trace:
#0 C:\Users\nheim\Local Sites\mota-photo\app\public\wp-settings.php(695): include()
#1 C:\Users\nheim\Local Sites\mota-photo\app\public\wp-config.php(103): require_once('C:\\Users\\nheim\\...')
#2 C:\Users\nheim\Local Sites\mota-photo\app\public\wp-load.php(50): require_once('C:\\Users\\nheim\\...')
#3 C:\Users\nheim\Local Sites\mota-photo\app\public\wp-blog-header.php(13): require_once('C:\\Users\\nheim\\...')
#4 C:\Users\nheim\Local Sites\mota-photo\app\public\index.php(17): require('C:\\Users\\nheim\\...')
#5 {main}
  thrown in C:\Users\nheim\Local Sites\mota-photo\app\public\wp-content\themes\mota-photo\functions.php on line 25
[10-Sep-2025 12:40:59 UTC] PHP Fatal error:  Uncaught Error: Call to undefined function add_settings_section() in C:\Users\nheim\Local Sites\mota-photo\app\public\wp-content\themes\mota-photo\functions.php:25
Stack trace:
#0 C:\Users\nheim\Local Sites\mota-photo\app\public\wp-settings.php(695): include()
#1 C:\Users\nheim\Local Sites\mota-photo\app\public\wp-config.php(103): require_once('C:\\Users\\nheim\\...')
#2 C:\Users\nheim\Local Sites\mota-photo\app\public\wp-load.php(50): require_once('C:\\Users\\nheim\\...')
#3 C:\Users\nheim\Local Sites\mota-photo\app\public\wp-admin\admin.php(35): require_once('C:\\Users\\nheim\\...')
#4 C:\Users\nheim\Local Sites\mota-photo\app\public\wp-admin\themes.php(10): require_once('C:\\Users\\nheim\\...')
#5 {main}
  thrown in C:\Users\nheim\Local Sites\mota-photo\app\public\wp-content\themes\mota-photo\functions.php on line 25
[10-Sep-2025 12:40:59 UTC] PHP Fatal error:  Uncaught Error: Call to undefined function add_settings_section() in C:\Users\nheim\Local Sites\mota-photo\app\public\wp-content\themes\mota-photo\functions.php:25
Stack trace:
#0 C:\Users\nheim\Local Sites\mota-photo\app\public\wp-settings.php(695): include()
#1 C:\Users\nheim\Local Sites\mota-photo\app\public\wp-config.php(103): require_once('C:\\Users\\nheim\\...')
#2 C:\Users\nheim\Local Sites\mota-photo\app\public\wp-load.php(50): require_once('C:\\Users\\nheim\\...')
#3 C:\Users\nheim\Local Sites\mota-photo\app\public\wp-blog-header.php(13): require_once('C:\\Users\\nheim\\...')
#4 C:\Users\nheim\Local Sites\mota-photo\app\public\index.php(17): require('C:\\Users\\nheim\\...')
#5 {main}
  thrown in C:\Users\nheim\Local Sites\mota-photo\app\public\wp-content\themes\mota-photo\functions.php on line 25
[10-Sep-2025 12:41:00 UTC] PHP Fatal error:  Uncaught Error: Call to undefined function add_settings_section() in C:\Users\nheim\Local Sites\mota-photo\app\public\wp-content\themes\mota-photo\functions.php:25
Stack trace:
#0 C:\Users\nheim\Local Sites\mota-photo\app\public\wp-settings.php(695): include()
#1 C:\Users\nheim\Local Sites\mota-photo\app\public\wp-config.php(103): require_once('C:\\Users\\nheim\\...')
#2 C:\Users\nheim\Local Sites\mota-photo\app\public\wp-load.php(50): require_once('C:\\Users\\nheim\\...')
#3 C:\Users\nheim\Local Sites\mota-photo\app\public\wp-admin\admin.php(35): require_once('C:\\Users\\nheim\\...')
#4 C:\Users\nheim\Local Sites\mota-photo\app\public\wp-admin\themes.php(10): require_once('C:\\Users\\nheim\\...')
#5 {main}
  thrown in C:\Users\nheim\Local Sites\mota-photo\app\public\wp-content\themes\mota-photo\functions.php on line 25
[10-Sep-2025 12:41:00 UTC] PHP Fatal error:  Uncaught Error: Call to undefined function add_settings_section() in C:\Users\nheim\Local Sites\mota-photo\app\public\wp-content\themes\mota-photo\functions.php:25
Stack trace:
#0 C:\Users\nheim\Local Sites\mota-photo\app\public\wp-settings.php(695): include()
#1 C:\Users\nheim\Local Sites\mota-photo\app\public\wp-config.php(103): require_once('C:\\Users\\nheim\\...')
#2 C:\Users\nheim\Local Sites\mota-photo\app\public\wp-load.php(50): require_once('C:\\Users\\nheim\\...')
#3 C:\Users\nheim\Local Sites\mota-photo\app\public\wp-blog-header.php(13): require_once('C:\\Users\\nheim\\...')
#4 C:\Users\nheim\Local Sites\mota-photo\app\public\index.php(17): require('C:\\Users\\nheim\\...')
#5 {main}
  thrown in C:\Users\nheim\Local Sites\mota-photo\app\public\wp-content\themes\mota-photo\functions.php on line 25
[10-Sep-2025 12:41:00 UTC] PHP Fatal error:  Uncaught Error: Call to undefined function add_settings_section() in C:\Users\nheim\Local Sites\mota-photo\app\public\wp-content\themes\mota-photo\functions.php:25
Stack trace:
#0 C:\Users\nheim\Local Sites\mota-photo\app\public\wp-settings.php(695): include()
#1 C:\Users\nheim\Local Sites\mota-photo\app\public\wp-config.php(103): require_once('C:\\Users\\nheim\\...')
#2 C:\Users\nheim\Local Sites\mota-photo\app\public\wp-load.php(50): require_once('C:\\Users\\nheim\\...')
#3 C:\Users\nheim\Local Sites\mota-photo\app\public\wp-admin\admin.php(35): require_once('C:\\Users\\nheim\\...')
#4 C:\Users\nheim\Local Sites\mota-photo\app\public\wp-admin\themes.php(10): require_once('C:\\Users\\nheim\\...')
#5 {main}
  thrown in C:\Users\nheim\Local Sites\mota-photo\app\public\wp-content\themes\mota-photo\functions.php on line 25
[10-Sep-2025 12:41:00 UTC] PHP Fatal error:  Uncaught Error: Call to undefined function add_settings_section() in C:\Users\nheim\Local Sites\mota-photo\app\public\wp-content\themes\mota-photo\functions.php:25
Stack trace:
#0 C:\Users\nheim\Local Sites\mota-photo\app\public\wp-settings.php(695): include()
#1 C:\Users\nheim\Local Sites\mota-photo\app\public\wp-config.php(103): require_once('C:\\Users\\nheim\\...')
#2 C:\Users\nheim\Local Sites\mota-photo\app\public\wp-load.php(50): require_once('C:\\Users\\nheim\\...')
#3 C:\Users\nheim\Local Sites\mota-photo\app\public\wp-blog-header.php(13): require_once('C:\\Users\\nheim\\...')
#4 C:\Users\nheim\Local Sites\mota-photo\app\public\index.php(17): require('C:\\Users\\nheim\\...')
#5 {main}
  thrown in C:\Users\nheim\Local Sites\mota-photo\app\public\wp-content\themes\mota-photo\functions.php on line 25
[10-Sep-2025 12:41:12 UTC] PHP Fatal error:  Uncaught Error: Call to undefined function add_settings_section() in C:\Users\nheim\Local Sites\mota-photo\app\public\wp-content\themes\mota-photo\functions.php:25
Stack trace:
#0 C:\Users\nheim\Local Sites\mota-photo\app\public\wp-settings.php(695): include()
#1 C:\Users\nheim\Local Sites\mota-photo\app\public\wp-config.php(103): require_once('C:\\Users\\nheim\\...')
#2 C:\Users\nheim\Local Sites\mota-photo\app\public\wp-load.php(50): require_once('C:\\Users\\nheim\\...')
#3 C:\Users\nheim\Local Sites\mota-photo\app\public\wp-admin\admin.php(35): require_once('C:\\Users\\nheim\\...')
#4 C:\Users\nheim\Local Sites\mota-photo\app\public\wp-admin\themes.php(10): require_once('C:\\Users\\nheim\\...')
#5 {main}
  thrown in C:\Users\nheim\Local Sites\mota-photo\app\public\wp-content\themes\mota-photo\functions.php on line 25
[10-Sep-2025 12:41:12 UTC] PHP Fatal error:  Uncaught Error: Call to undefined function add_settings_section() in C:\Users\nheim\Local Sites\mota-photo\app\public\wp-content\themes\mota-photo\functions.php:25
Stack trace:
#0 C:\Users\nheim\Local Sites\mota-photo\app\public\wp-settings.php(695): include()
#1 C:\Users\nheim\Local Sites\mota-photo\app\public\wp-config.php(103): require_once('C:\\Users\\nheim\\...')
#2 C:\Users\nheim\Local Sites\mota-photo\app\public\wp-load.php(50): require_once('C:\\Users\\nheim\\...')
#3 C:\Users\nheim\Local Sites\mota-photo\app\public\wp-blog-header.php(13): require_once('C:\\Users\\nheim\\...')
#4 C:\Users\nheim\Local Sites\mota-photo\app\public\index.php(17): require('C:\\Users\\nheim\\...')
#5 {main}
  thrown in C:\Users\nheim\Local Sites\mota-photo\app\public\wp-content\themes\mota-photo\functions.php on line 25
[10-Sep-2025 12:41:14 UTC] PHP Fatal error:  Uncaught Error: Call to undefined function add_settings_section() in C:\Users\nheim\Local Sites\mota-photo\app\public\wp-content\themes\mota-photo\functions.php:25
Stack trace:
#0 C:\Users\nheim\Local Sites\mota-photo\app\public\wp-settings.php(695): include()
#1 C:\Users\nheim\Local Sites\mota-photo\app\public\wp-config.php(103): require_once('C:\\Users\\nheim\\...')
#2 C:\Users\nheim\Local Sites\mota-photo\app\public\wp-load.php(50): require_once('C:\\Users\\nheim\\...')
#3 C:\Users\nheim\Local Sites\mota-photo\app\public\wp-admin\admin.php(35): require_once('C:\\Users\\nheim\\...')
#4 C:\Users\nheim\Local Sites\mota-photo\app\public\wp-admin\themes.php(10): require_once('C:\\Users\\nheim\\...')
#5 {main}
  thrown in C:\Users\nheim\Local Sites\mota-photo\app\public\wp-content\themes\mota-photo\functions.php on line 25
[10-Sep-2025 12:41:14 UTC] PHP Fatal error:  Uncaught Error: Call to undefined function add_settings_section() in C:\Users\nheim\Local Sites\mota-photo\app\public\wp-content\themes\mota-photo\functions.php:25
Stack trace:
#0 C:\Users\nheim\Local Sites\mota-photo\app\public\wp-settings.php(695): include()
#1 C:\Users\nheim\Local Sites\mota-photo\app\public\wp-config.php(103): require_once('C:\\Users\\nheim\\...')
#2 C:\Users\nheim\Local Sites\mota-photo\app\public\wp-load.php(50): require_once('C:\\Users\\nheim\\...')
#3 C:\Users\nheim\Local Sites\mota-photo\app\public\wp-blog-header.php(13): require_once('C:\\Users\\nheim\\...')
#4 C:\Users\nheim\Local Sites\mota-photo\app\public\index.php(17): require('C:\\Users\\nheim\\...')
#5 {main}
  thrown in C:\Users\nheim\Local Sites\mota-photo\app\public\wp-content\themes\mota-photo\functions.php on line 25
[10-Sep-2025 12:41:15 UTC] PHP Fatal error:  Uncaught Error: Call to undefined function add_settings_section() in C:\Users\nheim\Local Sites\mota-photo\app\public\wp-content\themes\mota-photo\functions.php:25
Stack trace:
#0 C:\Users\nheim\Local Sites\mota-photo\app\public\wp-settings.php(695): include()
#1 C:\Users\nheim\Local Sites\mota-photo\app\public\wp-config.php(103): require_once('C:\\Users\\nheim\\...')
#2 C:\Users\nheim\Local Sites\mota-photo\app\public\wp-load.php(50): require_once('C:\\Users\\nheim\\...')
#3 C:\Users\nheim\Local Sites\mota-photo\app\public\wp-admin\admin.php(35): require_once('C:\\Users\\nheim\\...')
#4 C:\Users\nheim\Local Sites\mota-photo\app\public\wp-admin\themes.php(10): require_once('C:\\Users\\nheim\\...')
#5 {main}
  thrown in C:\Users\nheim\Local Sites\mota-photo\app\public\wp-content\themes\mota-photo\functions.php on line 25
[10-Sep-2025 12:41:15 UTC] PHP Fatal error:  Uncaught Error: Call to undefined function add_settings_section() in C:\Users\nheim\Local Sites\mota-photo\app\public\wp-content\themes\mota-photo\functions.php:25
Stack trace:
#0 C:\Users\nheim\Local Sites\mota-photo\app\public\wp-settings.php(695): include()
#1 C:\Users\nheim\Local Sites\mota-photo\app\public\wp-config.php(103): require_once('C:\\Users\\nheim\\...')
#2 C:\Users\nheim\Local Sites\mota-photo\app\public\wp-load.php(50): require_once('C:\\Users\\nheim\\...')
#3 C:\Users\nheim\Local Sites\mota-photo\app\public\wp-blog-header.php(13): require_once('C:\\Users\\nheim\\...')
#4 C:\Users\nheim\Local Sites\mota-photo\app\public\index.php(17): require('C:\\Users\\nheim\\...')
#5 {main}
  thrown in C:\Users\nheim\Local Sites\mota-photo\app\public\wp-content\themes\mota-photo\functions.php on line 25
[10-Sep-2025 12:43:51 UTC] PHP Warning:  Attempt to read property "title" on null in C:\Users\nheim\Local Sites\mota-photo\app\public\wp-includes\class-wp-customize-widgets.php on line 926
[10-Sep-2025 12:47:58 UTC] PHP Warning:  Attempt to read property "title" on null in C:\Users\nheim\Local Sites\mota-photo\app\public\wp-includes\class-wp-customize-widgets.php on line 926
[10-Sep-2025 13:47:12 UTC] PHP Fatal error:  Uncaught TypeError: call_user_func_array(): Argument #1 ($callback) must be a valid callback, function "motaphoto_enqueue_assets" not found or invalid function name in C:\Users\nheim\Local Sites\mota-photo\app\public\wp-includes\class-wp-hook.php:324
Stack trace:
#0 C:\Users\nheim\Local Sites\mota-photo\app\public\wp-includes\class-wp-hook.php(348): WP_Hook->apply_filters(NULL, Array)
#1 C:\Users\nheim\Local Sites\mota-photo\app\public\wp-includes\plugin.php(517): WP_Hook->do_action(Array)
#2 C:\Users\nheim\Local Sites\mota-photo\app\public\wp-includes\script-loader.php(2299): do_action('wp_enqueue_scri...')
#3 C:\Users\nheim\Local Sites\mota-photo\app\public\wp-includes\class-wp-hook.php(324): wp_enqueue_scripts('')
#4 C:\Users\nheim\Local Sites\mota-photo\app\public\wp-includes\class-wp-hook.php(348): WP_Hook->apply_filters(NULL, Array)
#5 C:\Users\nheim\Local Sites\mota-photo\app\public\wp-includes\plugin.php(517): WP_Hook->do_action(Array)
#6 C:\Users\nheim\Local Sites\mota-photo\app\public\wp-includes\general-template.php(3192): do_action('wp_head')
#7 C:\Users\nheim\Local Sites\mota-photo\app\public\wp-content\themes\mota-photo\header.php(7): wp_head()
#8 C:\Users\nheim\Local Sites\mota-photo\app\public\wp-includes\template.php(810): require_once('C:\\Users\\nheim\\...')
#9 C:\Users\nheim\Local Sites\mota-photo\app\public\wp-includes\template.php(745): load_template('C:\\Users\\nheim\\...', true, Array)
#10 C:\Users\nheim\Local Sites\mota-photo\app\public\wp-includes\general-template.php(48): locate_template(Array, true, true, Array)
#11 C:\Users\nheim\Local Sites\mota-photo\app\public\wp-content\themes\mota-photo\home.php(1): get_header()
#12 C:\Users\nheim\Local Sites\mota-photo\app\public\wp-includes\template-loader.php(106): include('C:\\Users\\nheim\\...')
#13 C:\Users\nheim\Local Sites\mota-photo\app\public\wp-blog-header.php(19): require_once('C:\\Users\\nheim\\...')
#14 C:\Users\nheim\Local Sites\mota-photo\app\public\index.php(17): require('C:\\Users\\nheim\\...')
#15 {main}
  thrown in C:\Users\nheim\Local Sites\mota-photo\app\public\wp-includes\class-wp-hook.php on line 324
[10-Sep-2025 13:50:07 UTC] PHP Fatal error:  Uncaught TypeError: call_user_func_array(): Argument #1 ($callback) must be a valid callback, function "motaphoto_enqueue_assets" not found or invalid function name in C:\Users\nheim\Local Sites\mota-photo\app\public\wp-includes\class-wp-hook.php:324
Stack trace:
#0 C:\Users\nheim\Local Sites\mota-photo\app\public\wp-includes\class-wp-hook.php(348): WP_Hook->apply_filters(NULL, Array)
#1 C:\Users\nheim\Local Sites\mota-photo\app\public\wp-includes\plugin.php(517): WP_Hook->do_action(Array)
#2 C:\Users\nheim\Local Sites\mota-photo\app\public\wp-includes\script-loader.php(2299): do_action('wp_enqueue_scri...')
#3 C:\Users\nheim\Local Sites\mota-photo\app\public\wp-includes\class-wp-hook.php(324): wp_enqueue_scripts('')
#4 C:\Users\nheim\Local Sites\mota-photo\app\public\wp-includes\class-wp-hook.php(348): WP_Hook->apply_filters(NULL, Array)
#5 C:\Users\nheim\Local Sites\mota-photo\app\public\wp-includes\plugin.php(517): WP_Hook->do_action(Array)
#6 C:\Users\nheim\Local Sites\mota-photo\app\public\wp-includes\general-template.php(3192): do_action('wp_head')
#7 C:\Users\nheim\Local Sites\mota-photo\app\public\wp-content\themes\mota-photo\header.php(4): wp_head()
#8 C:\Users\nheim\Local Sites\mota-photo\app\public\wp-includes\template.php(810): require_once('C:\\Users\\nheim\\...')
#9 C:\Users\nheim\Local Sites\mota-photo\app\public\wp-includes\template.php(745): load_template('C:\\Users\\nheim\\...', true, Array)
#10 C:\Users\nheim\Local Sites\mota-photo\app\public\wp-includes\general-template.php(48): locate_template(Array, true, true, Array)
#11 C:\Users\nheim\Local Sites\mota-photo\app\public\wp-content\themes\mota-photo\home.php(1): get_header()
#12 C:\Users\nheim\Local Sites\mota-photo\app\public\wp-includes\template-loader.php(106): include('C:\\Users\\nheim\\...')
#13 C:\Users\nheim\Local Sites\mota-photo\app\public\wp-blog-header.php(19): require_once('C:\\Users\\nheim\\...')
#14 C:\Users\nheim\Local Sites\mota-photo\app\public\index.php(17): require('C:\\Users\\nheim\\...')
#15 {main}
  thrown in C:\Users\nheim\Local Sites\mota-photo\app\public\wp-includes\class-wp-hook.php on line 324
[10-Sep-2025 14:01:51 UTC] PHP Fatal error:  Uncaught TypeError: call_user_func_array(): Argument #1 ($callback) must be a valid callback, function "motaphoto_enqueue_assets" not found or invalid function name in C:\Users\nheim\Local Sites\mota-photo\app\public\wp-includes\class-wp-hook.php:324
Stack trace:
#0 C:\Users\nheim\Local Sites\mota-photo\app\public\wp-includes\class-wp-hook.php(348): WP_Hook->apply_filters(NULL, Array)
#1 C:\Users\nheim\Local Sites\mota-photo\app\public\wp-includes\plugin.php(517): WP_Hook->do_action(Array)
#2 C:\Users\nheim\Local Sites\mota-photo\app\public\wp-includes\script-loader.php(2299): do_action('wp_enqueue_scri...')
#3 C:\Users\nheim\Local Sites\mota-photo\app\public\wp-includes\class-wp-hook.php(324): wp_enqueue_scripts('')
#4 C:\Users\nheim\Local Sites\mota-photo\app\public\wp-includes\class-wp-hook.php(348): WP_Hook->apply_filters(NULL, Array)
#5 C:\Users\nheim\Local Sites\mota-photo\app\public\wp-includes\plugin.php(517): WP_Hook->do_action(Array)
#6 C:\Users\nheim\Local Sites\mota-photo\app\public\wp-includes\general-template.php(3192): do_action('wp_head')
#7 C:\Users\nheim\Local Sites\mota-photo\app\public\wp-content\themes\mota-photo\header.php(7): wp_head()
#8 C:\Users\nheim\Local Sites\mota-photo\app\public\wp-includes\template.php(810): require_once('C:\\Users\\nheim\\...')
#9 C:\Users\nheim\Local Sites\mota-photo\app\public\wp-includes\template.php(745): load_template('C:\\Users\\nheim\\...', true, Array)
#10 C:\Users\nheim\Local Sites\mota-photo\app\public\wp-includes\general-template.php(48): locate_template(Array, true, true, Array)
#11 C:\Users\nheim\Local Sites\mota-photo\app\public\wp-content\themes\mota-photo\home.php(1): get_header()
#12 C:\Users\nheim\Local Sites\mota-photo\app\public\wp-includes\template-loader.php(106): include('C:\\Users\\nheim\\...')
#13 C:\Users\nheim\Local Sites\mota-photo\app\public\wp-blog-header.php(19): require_once('C:\\Users\\nheim\\...')
#14 C:\Users\nheim\Local Sites\mota-photo\app\public\index.php(17): require('C:\\Users\\nheim\\...')
#15 {main}
  thrown in C:\Users\nheim\Local Sites\mota-photo\app\public\wp-includes\class-wp-hook.php on line 324
[10-Sep-2025 14:07:26 UTC] PHP Fatal error:  Uncaught TypeError: call_user_func_array(): Argument #1 ($callback) must be a valid callback, function "motaphoto_enqueue_assets" not found or invalid function name in C:\Users\nheim\Local Sites\mota-photo\app\public\wp-includes\class-wp-hook.php:324
Stack trace:
#0 C:\Users\nheim\Local Sites\mota-photo\app\public\wp-includes\class-wp-hook.php(348): WP_Hook->apply_filters(NULL, Array)
#1 C:\Users\nheim\Local Sites\mota-photo\app\public\wp-includes\plugin.php(517): WP_Hook->do_action(Array)
#2 C:\Users\nheim\Local Sites\mota-photo\app\public\wp-includes\script-loader.php(2299): do_action('wp_enqueue_scri...')
#3 C:\Users\nheim\Local Sites\mota-photo\app\public\wp-includes\class-wp-hook.php(324): wp_enqueue_scripts('')
#4 C:\Users\nheim\Local Sites\mota-photo\app\public\wp-includes\class-wp-hook.php(348): WP_Hook->apply_filters(NULL, Array)
#5 C:\Users\nheim\Local Sites\mota-photo\app\public\wp-includes\plugin.php(517): WP_Hook->do_action(Array)
#6 C:\Users\nheim\Local Sites\mota-photo\app\public\wp-includes\general-template.php(3192): do_action('wp_head')
#7 C:\Users\nheim\Local Sites\mota-photo\app\public\wp-content\themes\mota-photo\header.php(7): wp_head()
#8 C:\Users\nheim\Local Sites\mota-photo\app\public\wp-includes\template.php(810): require_once('C:\\Users\\nheim\\...')
#9 C:\Users\nheim\Local Sites\mota-photo\app\public\wp-includes\template.php(745): load_template('C:\\Users\\nheim\\...', true, Array)
#10 C:\Users\nheim\Local Sites\mota-photo\app\public\wp-includes\general-template.php(48): locate_template(Array, true, true, Array)
#11 C:\Users\nheim\Local Sites\mota-photo\app\public\wp-content\themes\mota-photo\home.php(1): get_header()
#12 C:\Users\nheim\Local Sites\mota-photo\app\public\wp-includes\template-loader.php(106): include('C:\\Users\\nheim\\...')
#13 C:\Users\nheim\Local Sites\mota-photo\app\public\wp-blog-header.php(19): require_once('C:\\Users\\nheim\\...')
#14 C:\Users\nheim\Local Sites\mota-photo\app\public\index.php(17): require('C:\\Users\\nheim\\...')
#15 {main}
  thrown in C:\Users\nheim\Local Sites\mota-photo\app\public\wp-includes\class-wp-hook.php on line 324
[10-Sep-2025 14:07:28 UTC] PHP Fatal error:  Uncaught TypeError: call_user_func_array(): Argument #1 ($callback) must be a valid callback, function "motaphoto_enqueue_assets" not found or invalid function name in C:\Users\nheim\Local Sites\mota-photo\app\public\wp-includes\class-wp-hook.php:324
Stack trace:
#0 C:\Users\nheim\Local Sites\mota-photo\app\public\wp-includes\class-wp-hook.php(348): WP_Hook->apply_filters(NULL, Array)
#1 C:\Users\nheim\Local Sites\mota-photo\app\public\wp-includes\plugin.php(517): WP_Hook->do_action(Array)
#2 C:\Users\nheim\Local Sites\mota-photo\app\public\wp-includes\script-loader.php(2299): do_action('wp_enqueue_scri...')
#3 C:\Users\nheim\Local Sites\mota-photo\app\public\wp-includes\class-wp-hook.php(324): wp_enqueue_scripts('')
#4 C:\Users\nheim\Local Sites\mota-photo\app\public\wp-includes\class-wp-hook.php(348): WP_Hook->apply_filters(NULL, Array)
#5 C:\Users\nheim\Local Sites\mota-photo\app\public\wp-includes\plugin.php(517): WP_Hook->do_action(Array)
#6 C:\Users\nheim\Local Sites\mota-photo\app\public\wp-includes\general-template.php(3192): do_action('wp_head')
#7 C:\Users\nheim\Local Sites\mota-photo\app\public\wp-content\themes\mota-photo\header.php(7): wp_head()
#8 C:\Users\nheim\Local Sites\mota-photo\app\public\wp-includes\template.php(810): require_once('C:\\Users\\nheim\\...')
#9 C:\Users\nheim\Local Sites\mota-photo\app\public\wp-includes\template.php(745): load_template('C:\\Users\\nheim\\...', true, Array)
#10 C:\Users\nheim\Local Sites\mota-photo\app\public\wp-includes\general-template.php(48): locate_template(Array, true, true, Array)
#11 C:\Users\nheim\Local Sites\mota-photo\app\public\wp-content\themes\mota-photo\home.php(1): get_header()
#12 C:\Users\nheim\Local Sites\mota-photo\app\public\wp-includes\template-loader.php(106): include('C:\\Users\\nheim\\...')
#13 C:\Users\nheim\Local Sites\mota-photo\app\public\wp-blog-header.php(19): require_once('C:\\Users\\nheim\\...')
#14 C:\Users\nheim\Local Sites\mota-photo\app\public\index.php(17): require('C:\\Users\\nheim\\...')
#15 {main}
  thrown in C:\Users\nheim\Local Sites\mota-photo\app\public\wp-includes\class-wp-hook.php on line 324
[10-Sep-2025 14:07:29 UTC] PHP Fatal error:  Uncaught TypeError: call_user_func_array(): Argument #1 ($callback) must be a valid callback, function "motaphoto_enqueue_assets" not found or invalid function name in C:\Users\nheim\Local Sites\mota-photo\app\public\wp-includes\class-wp-hook.php:324
Stack trace:
#0 C:\Users\nheim\Local Sites\mota-photo\app\public\wp-includes\class-wp-hook.php(348): WP_Hook->apply_filters(NULL, Array)
#1 C:\Users\nheim\Local Sites\mota-photo\app\public\wp-includes\plugin.php(517): WP_Hook->do_action(Array)
#2 C:\Users\nheim\Local Sites\mota-photo\app\public\wp-includes\script-loader.php(2299): do_action('wp_enqueue_scri...')
#3 C:\Users\nheim\Local Sites\mota-photo\app\public\wp-includes\class-wp-hook.php(324): wp_enqueue_scripts('')
#4 C:\Users\nheim\Local Sites\mota-photo\app\public\wp-includes\class-wp-hook.php(348): WP_Hook->apply_filters(NULL, Array)
#5 C:\Users\nheim\Local Sites\mota-photo\app\public\wp-includes\plugin.php(517): WP_Hook->do_action(Array)
#6 C:\Users\nheim\Local Sites\mota-photo\app\public\wp-includes\general-template.php(3192): do_action('wp_head')
#7 C:\Users\nheim\Local Sites\mota-photo\app\public\wp-content\themes\mota-photo\header.php(7): wp_head()
#8 C:\Users\nheim\Local Sites\mota-photo\app\public\wp-includes\template.php(810): require_once('C:\\Users\\nheim\\...')
#9 C:\Users\nheim\Local Sites\mota-photo\app\public\wp-includes\template.php(745): load_template('C:\\Users\\nheim\\...', true, Array)
#10 C:\Users\nheim\Local Sites\mota-photo\app\public\wp-includes\general-template.php(48): locate_template(Array, true, true, Array)
#11 C:\Users\nheim\Local Sites\mota-photo\app\public\wp-content\themes\mota-photo\home.php(1): get_header()
#12 C:\Users\nheim\Local Sites\mota-photo\app\public\wp-includes\template-loader.php(106): include('C:\\Users\\nheim\\...')
#13 C:\Users\nheim\Local Sites\mota-photo\app\public\wp-blog-header.php(19): require_once('C:\\Users\\nheim\\...')
#14 C:\Users\nheim\Local Sites\mota-photo\app\public\index.php(17): require('C:\\Users\\nheim\\...')
#15 {main}
  thrown in C:\Users\nheim\Local Sites\mota-photo\app\public\wp-includes\class-wp-hook.php on line 324
[10-Sep-2025 14:07:29 UTC] PHP Fatal error:  Uncaught TypeError: call_user_func_array(): Argument #1 ($callback) must be a valid callback, function "motaphoto_enqueue_assets" not found or invalid function name in C:\Users\nheim\Local Sites\mota-photo\app\public\wp-includes\class-wp-hook.php:324
Stack trace:
#0 C:\Users\nheim\Local Sites\mota-photo\app\public\wp-includes\class-wp-hook.php(348): WP_Hook->apply_filters(NULL, Array)
#1 C:\Users\nheim\Local Sites\mota-photo\app\public\wp-includes\plugin.php(517): WP_Hook->do_action(Array)
#2 C:\Users\nheim\Local Sites\mota-photo\app\public\wp-includes\script-loader.php(2299): do_action('wp_enqueue_scri...')
#3 C:\Users\nheim\Local Sites\mota-photo\app\public\wp-includes\class-wp-hook.php(324): wp_enqueue_scripts('')
#4 C:\Users\nheim\Local Sites\mota-photo\app\public\wp-includes\class-wp-hook.php(348): WP_Hook->apply_filters(NULL, Array)
#5 C:\Users\nheim\Local Sites\mota-photo\app\public\wp-includes\plugin.php(517): WP_Hook->do_action(Array)
#6 C:\Users\nheim\Local Sites\mota-photo\app\public\wp-includes\general-template.php(3192): do_action('wp_head')
#7 C:\Users\nheim\Local Sites\mota-photo\app\public\wp-content\themes\mota-photo\header.php(7): wp_head()
#8 C:\Users\nheim\Local Sites\mota-photo\app\public\wp-includes\template.php(810): require_once('C:\\Users\\nheim\\...')
#9 C:\Users\nheim\Local Sites\mota-photo\app\public\wp-includes\template.php(745): load_template('C:\\Users\\nheim\\...', true, Array)
#10 C:\Users\nheim\Local Sites\mota-photo\app\public\wp-includes\general-template.php(48): locate_template(Array, true, true, Array)
#11 C:\Users\nheim\Local Sites\mota-photo\app\public\wp-content\themes\mota-photo\home.php(1): get_header()
#12 C:\Users\nheim\Local Sites\mota-photo\app\public\wp-includes\template-loader.php(106): include('C:\\Users\\nheim\\...')
#13 C:\Users\nheim\Local Sites\mota-photo\app\public\wp-blog-header.php(19): require_once('C:\\Users\\nheim\\...')
#14 C:\Users\nheim\Local Sites\mota-photo\app\public\index.php(17): require('C:\\Users\\nheim\\...')
#15 {main}
  thrown in C:\Users\nheim\Local Sites\mota-photo\app\public\wp-includes\class-wp-hook.php on line 324
[10-Sep-2025 14:07:30 UTC] PHP Fatal error:  Uncaught TypeError: call_user_func_array(): Argument #1 ($callback) must be a valid callback, function "motaphoto_enqueue_assets" not found or invalid function name in C:\Users\nheim\Local Sites\mota-photo\app\public\wp-includes\class-wp-hook.php:324
Stack trace:
#0 C:\Users\nheim\Local Sites\mota-photo\app\public\wp-includes\class-wp-hook.php(348): WP_Hook->apply_filters(NULL, Array)
#1 C:\Users\nheim\Local Sites\mota-photo\app\public\wp-includes\plugin.php(517): WP_Hook->do_action(Array)
#2 C:\Users\nheim\Local Sites\mota-photo\app\public\wp-includes\script-loader.php(2299): do_action('wp_enqueue_scri...')
#3 C:\Users\nheim\Local Sites\mota-photo\app\public\wp-includes\class-wp-hook.php(324): wp_enqueue_scripts('')
#4 C:\Users\nheim\Local Sites\mota-photo\app\public\wp-includes\class-wp-hook.php(348): WP_Hook->apply_filters(NULL, Array)
#5 C:\Users\nheim\Local Sites\mota-photo\app\public\wp-includes\plugin.php(517): WP_Hook->do_action(Array)
#6 C:\Users\nheim\Local Sites\mota-photo\app\public\wp-includes\general-template.php(3192): do_action('wp_head')
#7 C:\Users\nheim\Local Sites\mota-photo\app\public\wp-content\themes\mota-photo\header.php(7): wp_head()
#8 C:\Users\nheim\Local Sites\mota-photo\app\public\wp-includes\template.php(810): require_once('C:\\Users\\nheim\\...')
#9 C:\Users\nheim\Local Sites\mota-photo\app\public\wp-includes\template.php(745): load_template('C:\\Users\\nheim\\...', true, Array)
#10 C:\Users\nheim\Local Sites\mota-photo\app\public\wp-includes\general-template.php(48): locate_template(Array, true, true, Array)
#11 C:\Users\nheim\Local Sites\mota-photo\app\public\wp-content\themes\mota-photo\home.php(1): get_header()
#12 C:\Users\nheim\Local Sites\mota-photo\app\public\wp-includes\template-loader.php(106): include('C:\\Users\\nheim\\...')
#13 C:\Users\nheim\Local Sites\mota-photo\app\public\wp-blog-header.php(19): require_once('C:\\Users\\nheim\\...')
#14 C:\Users\nheim\Local Sites\mota-photo\app\public\index.php(17): require('C:\\Users\\nheim\\...')
#15 {main}
  thrown in C:\Users\nheim\Local Sites\mota-photo\app\public\wp-includes\class-wp-hook.php on line 324
[10-Sep-2025 14:07:30 UTC] PHP Fatal error:  Uncaught TypeError: call_user_func_array(): Argument #1 ($callback) must be a valid callback, function "motaphoto_enqueue_assets" not found or invalid function name in C:\Users\nheim\Local Sites\mota-photo\app\public\wp-includes\class-wp-hook.php:324
Stack trace:
#0 C:\Users\nheim\Local Sites\mota-photo\app\public\wp-includes\class-wp-hook.php(348): WP_Hook->apply_filters(NULL, Array)
#1 C:\Users\nheim\Local Sites\mota-photo\app\public\wp-includes\plugin.php(517): WP_Hook->do_action(Array)
#2 C:\Users\nheim\Local Sites\mota-photo\app\public\wp-includes\script-loader.php(2299): do_action('wp_enqueue_scri...')
#3 C:\Users\nheim\Local Sites\mota-photo\app\public\wp-includes\class-wp-hook.php(324): wp_enqueue_scripts('')
#4 C:\Users\nheim\Local Sites\mota-photo\app\public\wp-includes\class-wp-hook.php(348): WP_Hook->apply_filters(NULL, Array)
#5 C:\Users\nheim\Local Sites\mota-photo\app\public\wp-includes\plugin.php(517): WP_Hook->do_action(Array)
#6 C:\Users\nheim\Local Sites\mota-photo\app\public\wp-includes\general-template.php(3192): do_action('wp_head')
#7 C:\Users\nheim\Local Sites\mota-photo\app\public\wp-content\themes\mota-photo\header.php(7): wp_head()
#8 C:\Users\nheim\Local Sites\mota-photo\app\public\wp-includes\template.php(810): require_once('C:\\Users\\nheim\\...')
#9 C:\Users\nheim\Local Sites\mota-photo\app\public\wp-includes\template.php(745): load_template('C:\\Users\\nheim\\...', true, Array)
#10 C:\Users\nheim\Local Sites\mota-photo\app\public\wp-includes\general-template.php(48): locate_template(Array, true, true, Array)
#11 C:\Users\nheim\Local Sites\mota-photo\app\public\wp-content\themes\mota-photo\home.php(1): get_header()
#12 C:\Users\nheim\Local Sites\mota-photo\app\public\wp-includes\template-loader.php(106): include('C:\\Users\\nheim\\...')
#13 C:\Users\nheim\Local Sites\mota-photo\app\public\wp-blog-header.php(19): require_once('C:\\Users\\nheim\\...')
#14 C:\Users\nheim\Local Sites\mota-photo\app\public\index.php(17): require('C:\\Users\\nheim\\...')
#15 {main}
  thrown in C:\Users\nheim\Local Sites\mota-photo\app\public\wp-includes\class-wp-hook.php on line 324
[10-Sep-2025 14:07:30 UTC] PHP Fatal error:  Uncaught TypeError: call_user_func_array(): Argument #1 ($callback) must be a valid callback, function "motaphoto_enqueue_assets" not found or invalid function name in C:\Users\nheim\Local Sites\mota-photo\app\public\wp-includes\class-wp-hook.php:324
Stack trace:
#0 C:\Users\nheim\Local Sites\mota-photo\app\public\wp-includes\class-wp-hook.php(348): WP_Hook->apply_filters(NULL, Array)
#1 C:\Users\nheim\Local Sites\mota-photo\app\public\wp-includes\plugin.php(517): WP_Hook->do_action(Array)
#2 C:\Users\nheim\Local Sites\mota-photo\app\public\wp-includes\script-loader.php(2299): do_action('wp_enqueue_scri...')
#3 C:\Users\nheim\Local Sites\mota-photo\app\public\wp-includes\class-wp-hook.php(324): wp_enqueue_scripts('')
#4 C:\Users\nheim\Local Sites\mota-photo\app\public\wp-includes\class-wp-hook.php(348): WP_Hook->apply_filters(NULL, Array)
#5 C:\Users\nheim\Local Sites\mota-photo\app\public\wp-includes\plugin.php(517): WP_Hook->do_action(Array)
#6 C:\Users\nheim\Local Sites\mota-photo\app\public\wp-includes\general-template.php(3192): do_action('wp_head')
#7 C:\Users\nheim\Local Sites\mota-photo\app\public\wp-content\themes\mota-photo\header.php(7): wp_head()
#8 C:\Users\nheim\Local Sites\mota-photo\app\public\wp-includes\template.php(810): require_once('C:\\Users\\nheim\\...')
#9 C:\Users\nheim\Local Sites\mota-photo\app\public\wp-includes\template.php(745): load_template('C:\\Users\\nheim\\...', true, Array)
#10 C:\Users\nheim\Local Sites\mota-photo\app\public\wp-includes\general-template.php(48): locate_template(Array, true, true, Array)
#11 C:\Users\nheim\Local Sites\mota-photo\app\public\wp-content\themes\mota-photo\home.php(1): get_header()
#12 C:\Users\nheim\Local Sites\mota-photo\app\public\wp-includes\template-loader.php(106): include('C:\\Users\\nheim\\...')
#13 C:\Users\nheim\Local Sites\mota-photo\app\public\wp-blog-header.php(19): require_once('C:\\Users\\nheim\\...')
#14 C:\Users\nheim\Local Sites\mota-photo\app\public\index.php(17): require('C:\\Users\\nheim\\...')
#15 {main}
  thrown in C:\Users\nheim\Local Sites\mota-photo\app\public\wp-includes\class-wp-hook.php on line 324
[10-Sep-2025 14:07:30 UTC] PHP Fatal error:  Uncaught TypeError: call_user_func_array(): Argument #1 ($callback) must be a valid callback, function "motaphoto_enqueue_assets" not found or invalid function name in C:\Users\nheim\Local Sites\mota-photo\app\public\wp-includes\class-wp-hook.php:324
Stack trace:
#0 C:\Users\nheim\Local Sites\mota-photo\app\public\wp-includes\class-wp-hook.php(348): WP_Hook->apply_filters(NULL, Array)
#1 C:\Users\nheim\Local Sites\mota-photo\app\public\wp-includes\plugin.php(517): WP_Hook->do_action(Array)
#2 C:\Users\nheim\Local Sites\mota-photo\app\public\wp-includes\script-loader.php(2299): do_action('wp_enqueue_scri...')
#3 C:\Users\nheim\Local Sites\mota-photo\app\public\wp-includes\class-wp-hook.php(324): wp_enqueue_scripts('')
#4 C:\Users\nheim\Local Sites\mota-photo\app\public\wp-includes\class-wp-hook.php(348): WP_Hook->apply_filters(NULL, Array)
#5 C:\Users\nheim\Local Sites\mota-photo\app\public\wp-includes\plugin.php(517): WP_Hook->do_action(Array)
#6 C:\Users\nheim\Local Sites\mota-photo\app\public\wp-includes\general-template.php(3192): do_action('wp_head')
#7 C:\Users\nheim\Local Sites\mota-photo\app\public\wp-content\themes\mota-photo\header.php(7): wp_head()
#8 C:\Users\nheim\Local Sites\mota-photo\app\public\wp-includes\template.php(810): require_once('C:\\Users\\nheim\\...')
#9 C:\Users\nheim\Local Sites\mota-photo\app\public\wp-includes\template.php(745): load_template('C:\\Users\\nheim\\...', true, Array)
#10 C:\Users\nheim\Local Sites\mota-photo\app\public\wp-includes\general-template.php(48): locate_template(Array, true, true, Array)
#11 C:\Users\nheim\Local Sites\mota-photo\app\public\wp-content\themes\mota-photo\home.php(1): get_header()
#12 C:\Users\nheim\Local Sites\mota-photo\app\public\wp-includes\template-loader.php(106): include('C:\\Users\\nheim\\...')
#13 C:\Users\nheim\Local Sites\mota-photo\app\public\wp-blog-header.php(19): require_once('C:\\Users\\nheim\\...')
#14 C:\Users\nheim\Local Sites\mota-photo\app\public\index.php(17): require('C:\\Users\\nheim\\...')
#15 {main}
  thrown in C:\Users\nheim\Local Sites\mota-photo\app\public\wp-includes\class-wp-hook.php on line 324
[10-Sep-2025 14:07:31 UTC] PHP Fatal error:  Uncaught TypeError: call_user_func_array(): Argument #1 ($callback) must be a valid callback, function "motaphoto_enqueue_assets" not found or invalid function name in C:\Users\nheim\Local Sites\mota-photo\app\public\wp-includes\class-wp-hook.php:324
Stack trace:
#0 C:\Users\nheim\Local Sites\mota-photo\app\public\wp-includes\class-wp-hook.php(348): WP_Hook->apply_filters(NULL, Array)
#1 C:\Users\nheim\Local Sites\mota-photo\app\public\wp-includes\plugin.php(517): WP_Hook->do_action(Array)
#2 C:\Users\nheim\Local Sites\mota-photo\app\public\wp-includes\script-loader.php(2299): do_action('wp_enqueue_scri...')
#3 C:\Users\nheim\Local Sites\mota-photo\app\public\wp-includes\class-wp-hook.php(324): wp_enqueue_scripts('')
#4 C:\Users\nheim\Local Sites\mota-photo\app\public\wp-includes\class-wp-hook.php(348): WP_Hook->apply_filters(NULL, Array)
#5 C:\Users\nheim\Local Sites\mota-photo\app\public\wp-includes\plugin.php(517): WP_Hook->do_action(Array)
#6 C:\Users\nheim\Local Sites\mota-photo\app\public\wp-includes\general-template.php(3192): do_action('wp_head')
#7 C:\Users\nheim\Local Sites\mota-photo\app\public\wp-content\themes\mota-photo\header.php(7): wp_head()
#8 C:\Users\nheim\Local Sites\mota-photo\app\public\wp-includes\template.php(810): require_once('C:\\Users\\nheim\\...')
#9 C:\Users\nheim\Local Sites\mota-photo\app\public\wp-includes\template.php(745): load_template('C:\\Users\\nheim\\...', true, Array)
#10 C:\Users\nheim\Local Sites\mota-photo\app\public\wp-includes\general-template.php(48): locate_template(Array, true, true, Array)
#11 C:\Users\nheim\Local Sites\mota-photo\app\public\wp-content\themes\mota-photo\home.php(1): get_header()
#12 C:\Users\nheim\Local Sites\mota-photo\app\public\wp-includes\template-loader.php(106): include('C:\\Users\\nheim\\...')
#13 C:\Users\nheim\Local Sites\mota-photo\app\public\wp-blog-header.php(19): require_once('C:\\Users\\nheim\\...')
#14 C:\Users\nheim\Local Sites\mota-photo\app\public\index.php(17): require('C:\\Users\\nheim\\...')
#15 {main}
  thrown in C:\Users\nheim\Local Sites\mota-photo\app\public\wp-includes\class-wp-hook.php on line 324
[10-Sep-2025 14:07:31 UTC] PHP Fatal error:  Uncaught TypeError: call_user_func_array(): Argument #1 ($callback) must be a valid callback, function "motaphoto_enqueue_assets" not found or invalid function name in C:\Users\nheim\Local Sites\mota-photo\app\public\wp-includes\class-wp-hook.php:324
Stack trace:
#0 C:\Users\nheim\Local Sites\mota-photo\app\public\wp-includes\class-wp-hook.php(348): WP_Hook->apply_filters(NULL, Array)
#1 C:\Users\nheim\Local Sites\mota-photo\app\public\wp-includes\plugin.php(517): WP_Hook->do_action(Array)
#2 C:\Users\nheim\Local Sites\mota-photo\app\public\wp-includes\script-loader.php(2299): do_action('wp_enqueue_scri...')
#3 C:\Users\nheim\Local Sites\mota-photo\app\public\wp-includes\class-wp-hook.php(324): wp_enqueue_scripts('')
#4 C:\Users\nheim\Local Sites\mota-photo\app\public\wp-includes\class-wp-hook.php(348): WP_Hook->apply_filters(NULL, Array)
#5 C:\Users\nheim\Local Sites\mota-photo\app\public\wp-includes\plugin.php(517): WP_Hook->do_action(Array)
#6 C:\Users\nheim\Local Sites\mota-photo\app\public\wp-includes\general-template.php(3192): do_action('wp_head')
#7 C:\Users\nheim\Local Sites\mota-photo\app\public\wp-content\themes\mota-photo\header.php(7): wp_head()
#8 C:\Users\nheim\Local Sites\mota-photo\app\public\wp-includes\template.php(810): require_once('C:\\Users\\nheim\\...')
#9 C:\Users\nheim\Local Sites\mota-photo\app\public\wp-includes\template.php(745): load_template('C:\\Users\\nheim\\...', true, Array)
#10 C:\Users\nheim\Local Sites\mota-photo\app\public\wp-includes\general-template.php(48): locate_template(Array, true, true, Array)
#11 C:\Users\nheim\Local Sites\mota-photo\app\public\wp-content\themes\mota-photo\home.php(1): get_header()
#12 C:\Users\nheim\Local Sites\mota-photo\app\public\wp-includes\template-loader.php(106): include('C:\\Users\\nheim\\...')
#13 C:\Users\nheim\Local Sites\mota-photo\app\public\wp-blog-header.php(19): require_once('C:\\Users\\nheim\\...')
#14 C:\Users\nheim\Local Sites\mota-photo\app\public\index.php(17): require('C:\\Users\\nheim\\...')
#15 {main}
  thrown in C:\Users\nheim\Local Sites\mota-photo\app\public\wp-includes\class-wp-hook.php on line 324
[10-Sep-2025 14:07:42 UTC] PHP Fatal error:  Uncaught TypeError: call_user_func_array(): Argument #1 ($callback) must be a valid callback, function "motaphoto_enqueue_assets" not found or invalid function name in C:\Users\nheim\Local Sites\mota-photo\app\public\wp-includes\class-wp-hook.php:324
Stack trace:
#0 C:\Users\nheim\Local Sites\mota-photo\app\public\wp-includes\class-wp-hook.php(348): WP_Hook->apply_filters(NULL, Array)
#1 C:\Users\nheim\Local Sites\mota-photo\app\public\wp-includes\plugin.php(517): WP_Hook->do_action(Array)
#2 C:\Users\nheim\Local Sites\mota-photo\app\public\wp-includes\script-loader.php(2299): do_action('wp_enqueue_scri...')
#3 C:\Users\nheim\Local Sites\mota-photo\app\public\wp-includes\class-wp-hook.php(324): wp_enqueue_scripts('')
#4 C:\Users\nheim\Local Sites\mota-photo\app\public\wp-includes\class-wp-hook.php(348): WP_Hook->apply_filters(NULL, Array)
#5 C:\Users\nheim\Local Sites\mota-photo\app\public\wp-includes\plugin.php(517): WP_Hook->do_action(Array)
#6 C:\Users\nheim\Local Sites\mota-photo\app\public\wp-includes\general-template.php(3192): do_action('wp_head')
#7 C:\Users\nheim\Local Sites\mota-photo\app\public\wp-content\themes\mota-photo\header.php(7): wp_head()
#8 C:\Users\nheim\Local Sites\mota-photo\app\public\wp-includes\template.php(810): require_once('C:\\Users\\nheim\\...')
#9 C:\Users\nheim\Local Sites\mota-photo\app\public\wp-includes\template.php(745): load_template('C:\\Users\\nheim\\...', true, Array)
#10 C:\Users\nheim\Local Sites\mota-photo\app\public\wp-includes\general-template.php(48): locate_template(Array, true, true, Array)
#11 C:\Users\nheim\Local Sites\mota-photo\app\public\wp-content\themes\mota-photo\home.php(1): get_header()
#12 C:\Users\nheim\Local Sites\mota-photo\app\public\wp-includes\template-loader.php(106): include('C:\\Users\\nheim\\...')
#13 C:\Users\nheim\Local Sites\mota-photo\app\public\wp-blog-header.php(19): require_once('C:\\Users\\nheim\\...')
#14 C:\Users\nheim\Local Sites\mota-photo\app\public\index.php(17): require('C:\\Users\\nheim\\...')
#15 {main}
  thrown in C:\Users\nheim\Local Sites\mota-photo\app\public\wp-includes\class-wp-hook.php on line 324
[10-Sep-2025 14:48:06 UTC] PHP Warning:  filemtime(): stat failed for C:\Users\nheim\Local Sites\mota-photo\app\public/wp-content/themes/mota-photo/assets/css/fonts.css in C:\Users\nheim\Local Sites\mota-photo\app\public\wp-content\themes\mota-photo\functions.php on line 20
[10-Sep-2025 14:48:06 UTC] PHP Warning:  filemtime(): stat failed for C:\Users\nheim\Local Sites\mota-photo\app\public/wp-content/themes/mota-photo/assets/css/fonts.css in C:\Users\nheim\Local Sites\mota-photo\app\public\wp-content\themes\mota-photo\functions.php on line 20
[10-Sep-2025 14:48:06 UTC] PHP Warning:  filemtime(): stat failed for C:\Users\nheim\Local Sites\mota-photo\app\public/wp-content/themes/mota-photo/assets/css/fonts.css in C:\Users\nheim\Local Sites\mota-photo\app\public\wp-content\themes\mota-photo\functions.php on line 20
[10-Sep-2025 14:48:07 UTC] PHP Warning:  filemtime(): stat failed for C:\Users\nheim\Local Sites\mota-photo\app\public/wp-content/themes/mota-photo/assets/css/fonts.css in C:\Users\nheim\Local Sites\mota-photo\app\public\wp-content\themes\mota-photo\functions.php on line 20
[10-Sep-2025 14:48:26 UTC] PHP Warning:  filemtime(): stat failed for C:\Users\nheim\Local Sites\mota-photo\app\public/wp-content/themes/mota-photo/assets/css/fonts.css in C:\Users\nheim\Local Sites\mota-photo\app\public\wp-content\themes\mota-photo\functions.php on line 20
[10-Sep-2025 14:48:26 UTC] PHP Warning:  filemtime(): stat failed for C:\Users\nheim\Local Sites\mota-photo\app\public/wp-content/themes/mota-photo/assets/css/fonts.css in C:\Users\nheim\Local Sites\mota-photo\app\public\wp-content\themes\mota-photo\functions.php on line 20
[10-Sep-2025 14:48:26 UTC] PHP Warning:  filemtime(): stat failed for C:\Users\nheim\Local Sites\mota-photo\app\public/wp-content/themes/mota-photo/assets/css/fonts.css in C:\Users\nheim\Local Sites\mota-photo\app\public\wp-content\themes\mota-photo\functions.php on line 20
[10-Sep-2025 14:48:27 UTC] PHP Warning:  filemtime(): stat failed for C:\Users\nheim\Local Sites\mota-photo\app\public/wp-content/themes/mota-photo/assets/css/fonts.css in C:\Users\nheim\Local Sites\mota-photo\app\public\wp-content\themes\mota-photo\functions.php on line 20
[10-Sep-2025 14:48:28 UTC] PHP Warning:  filemtime(): stat failed for C:\Users\nheim\Local Sites\mota-photo\app\public/wp-content/themes/mota-photo/assets/css/fonts.css in C:\Users\nheim\Local Sites\mota-photo\app\public\wp-content\themes\mota-photo\functions.php on line 20
[10-Sep-2025 14:48:28 UTC] PHP Warning:  filemtime(): stat failed for C:\Users\nheim\Local Sites\mota-photo\app\public/wp-content/themes/mota-photo/assets/css/fonts.css in C:\Users\nheim\Local Sites\mota-photo\app\public\wp-content\themes\mota-photo\functions.php on line 20
[10-Sep-2025 14:48:45 UTC] PHP Warning:  filemtime(): stat failed for C:\Users\nheim\Local Sites\mota-photo\app\public/wp-content/themes/mota-photo/assets/css/fonts.css in C:\Users\nheim\Local Sites\mota-photo\app\public\wp-content\themes\mota-photo\functions.php on line 20
[10-Sep-2025 14:48:45 UTC] PHP Warning:  filemtime(): stat failed for C:\Users\nheim\Local Sites\mota-photo\app\public/wp-content/themes/mota-photo/assets/css/fonts.css in C:\Users\nheim\Local Sites\mota-photo\app\public\wp-content\themes\mota-photo\functions.php on line 20
[10-Sep-2025 14:48:45 UTC] PHP Warning:  filemtime(): stat failed for C:\Users\nheim\Local Sites\mota-photo\app\public/wp-content/themes/mota-photo/assets/css/fonts.css in C:\Users\nheim\Local Sites\mota-photo\app\public\wp-content\themes\mota-photo\functions.php on line 20
[10-Sep-2025 14:48:46 UTC] PHP Warning:  filemtime(): stat failed for C:\Users\nheim\Local Sites\mota-photo\app\public/wp-content/themes/mota-photo/assets/css/fonts.css in C:\Users\nheim\Local Sites\mota-photo\app\public\wp-content\themes\mota-photo\functions.php on line 20
[10-Sep-2025 14:48:46 UTC] PHP Warning:  filemtime(): stat failed for C:\Users\nheim\Local Sites\mota-photo\app\public/wp-content/themes/mota-photo/assets/css/fonts.css in C:\Users\nheim\Local Sites\mota-photo\app\public\wp-content\themes\mota-photo\functions.php on line 20
[10-Sep-2025 14:48:46 UTC] PHP Warning:  filemtime(): stat failed for C:\Users\nheim\Local Sites\mota-photo\app\public/wp-content/themes/mota-photo/assets/css/fonts.css in C:\Users\nheim\Local Sites\mota-photo\app\public\wp-content\themes\mota-photo\functions.php on line 20
[12-Sep-2025 06:54:23 UTC] PHP Warning:  Attempt to read property "title" on null in C:\Users\nheim\Local Sites\mota-photo\app\public\wp-includes\class-wp-customize-widgets.php on line 926
[12-Sep-2025 06:54:53 UTC] PHP Warning:  Attempt to read property "title" on null in C:\Users\nheim\Local Sites\mota-photo\app\public\wp-includes\class-wp-customize-widgets.php on line 926
[12-Sep-2025 07:20:29 UTC] PHP Warning:  Attempt to read property "title" on null in C:\Users\nheim\Local Sites\mota-photo\app\public\wp-includes\class-wp-customize-widgets.php on line 926
[12-Sep-2025 07:26:34 UTC] PHP Warning:  Attempt to read property "title" on null in C:\Users\nheim\Local Sites\mota-photo\app\public\wp-includes\class-wp-customize-widgets.php on line 926
[12-Sep-2025 07:50:33 UTC] PHP Warning:  Attempt to read property "title" on null in C:\Users\nheim\Local Sites\mota-photo\app\public\wp-includes\class-wp-customize-widgets.php on line 926
[12-Sep-2025 07:53:04 UTC] PHP Warning:  Attempt to read property "title" on null in C:\Users\nheim\Local Sites\mota-photo\app\public\wp-includes\class-wp-customize-widgets.php on line 926
[22-Sep-2025 16:03:19 UTC] PHP Warning:  Attempt to read property "title" on null in C:\Users\nheim\Local Sites\mota-photo\app\public\wp-includes\class-wp-customize-widgets.php on line 926
[22-Sep-2025 16:38:28 UTC] PHP Warning:  Attempt to read property "title" on null in C:\Users\nheim\Local Sites\mota-photo\app\public\wp-includes\class-wp-customize-widgets.php on line 926
[23-Sep-2025 12:12:33 UTC] PHP Warning:  Attempt to read property "title" on null in C:\Users\nheim\Local Sites\mota-photo\app\public\wp-includes\class-wp-customize-widgets.php on line 926
[23-Sep-2025 12:15:22 UTC] PHP Warning:  Attempt to read property "title" on null in C:\Users\nheim\Local Sites\mota-photo\app\public\wp-includes\class-wp-customize-widgets.php on line 926
[24-Sep-2025 07:39:06 UTC] PHP Warning:  Attempt to read property "title" on null in C:\Users\nheim\Local Sites\mota-photo\app\public\wp-includes\class-wp-customize-widgets.php on line 926
[24-Sep-2025 08:12:57 UTC] Erreur d’événement de replanification de tâche pour le crochet action_scheduler_run_queue. Code d’erreur : invalid_schedule. Message d’erreur : L’évènement planifié n’existe pas.. Données : {"schedule":"every_minute","args":["WP Cron"],"interval":60}
[24-Sep-2025 12:44:40 UTC] Erreur d’événement de replanification de tâche pour le crochet wp_version_check. Code d’erreur : could_not_set. Message d’erreur : La liste des évènements planifiés n’a pas pu être sauvegardée.. Données : {"schedule":"twicedaily","args":[],"interval":43200}
[29-Sep-2025 08:04:20 UTC] PHP Fatal error:  Uncaught Error: Object of class WP_Error could not be converted to string in C:\Users\nheim\Local Sites\mota-photo\app\public\wp-content\themes\mota-photo\single-photos.php:25
Stack trace:
#0 C:\Users\nheim\Local Sites\mota-photo\app\public\wp-includes\template-loader.php(106): include()
#1 C:\Users\nheim\Local Sites\mota-photo\app\public\wp-blog-header.php(19): require_once('C:\\Users\\nheim\\...')
#2 C:\Users\nheim\Local Sites\mota-photo\app\public\index.php(17): require('C:\\Users\\nheim\\...')
#3 {main}
  thrown in C:\Users\nheim\Local Sites\mota-photo\app\public\wp-content\themes\mota-photo\single-photos.php on line 25
[29-Sep-2025 08:05:30 UTC] PHP Fatal error:  Uncaught Error: Object of class WP_Error could not be converted to string in C:\Users\nheim\Local Sites\mota-photo\app\public\wp-content\themes\mota-photo\single-photos.php:25
Stack trace:
#0 C:\Users\nheim\Local Sites\mota-photo\app\public\wp-includes\template-loader.php(106): include()
#1 C:\Users\nheim\Local Sites\mota-photo\app\public\wp-blog-header.php(19): require_once('C:\\Users\\nheim\\...')
#2 C:\Users\nheim\Local Sites\mota-photo\app\public\index.php(17): require('C:\\Users\\nheim\\...')
#3 {main}
  thrown in C:\Users\nheim\Local Sites\mota-photo\app\public\wp-content\themes\mota-photo\single-photos.php on line 25
[29-Sep-2025 08:32:01 UTC] PHP Warning:  Attempt to read property "title" on null in C:\Users\nheim\Local Sites\mota-photo\app\public\wp-includes\class-wp-customize-widgets.php on line 926
[07-Oct-2025 08:35:37 UTC] PHP Warning:  Attempt to read property "title" on null in C:\Users\nheim\Local Sites\mota-photo\app\public\wp-includes\class-wp-customize-widgets.php on line 926
[07-Oct-2025 09:17:26 UTC] PHP Parse error:  syntax error, unexpected end of file in C:\Users\nheim\Local Sites\mota-photo\app\public\wp-content\themes\mota-photo\front-page.php on line 56
[08-Oct-2025 08:24:51 UTC] PHP Warning:  Undefined variable $thumb_url in C:\Users\nheim\Local Sites\mota-photo\app\public\wp-content\themes\mota-photo\template-parts\photo-card.php on line 3
[08-Oct-2025 08:24:51 UTC] PHP Warning:  Undefined variable $thumb_id in C:\Users\nheim\Local Sites\mota-photo\app\public\wp-content\themes\mota-photo\template-parts\photo-card.php on line 9
[08-Oct-2025 08:24:51 UTC] PHP Warning:  Undefined variable $thumb_url in C:\Users\nheim\Local Sites\mota-photo\app\public\wp-content\themes\mota-photo\template-parts\photo-card.php on line 3
[08-Oct-2025 08:24:51 UTC] PHP Warning:  Undefined variable $thumb_id in C:\Users\nheim\Local Sites\mota-photo\app\public\wp-content\themes\mota-photo\template-parts\photo-card.php on line 9
[08-Oct-2025 08:24:51 UTC] PHP Warning:  Undefined variable $thumb_url in C:\Users\nheim\Local Sites\mota-photo\app\public\wp-content\themes\mota-photo\template-parts\photo-card.php on line 3
[08-Oct-2025 08:24:51 UTC] PHP Warning:  Undefined variable $thumb_id in C:\Users\nheim\Local Sites\mota-photo\app\public\wp-content\themes\mota-photo\template-parts\photo-card.php on line 9
[08-Oct-2025 08:24:51 UTC] PHP Warning:  Undefined variable $thumb_url in C:\Users\nheim\Local Sites\mota-photo\app\public\wp-content\themes\mota-photo\template-parts\photo-card.php on line 3
[08-Oct-2025 08:24:51 UTC] PHP Warning:  Undefined variable $thumb_id in C:\Users\nheim\Local Sites\mota-photo\app\public\wp-content\themes\mota-photo\template-parts\photo-card.php on line 9
[08-Oct-2025 08:24:51 UTC] PHP Warning:  Undefined variable $thumb_url in C:\Users\nheim\Local Sites\mota-photo\app\public\wp-content\themes\mota-photo\template-parts\photo-card.php on line 3
[08-Oct-2025 08:24:51 UTC] PHP Warning:  Undefined variable $thumb_id in C:\Users\nheim\Local Sites\mota-photo\app\public\wp-content\themes\mota-photo\template-parts\photo-card.php on line 9
[08-Oct-2025 08:24:51 UTC] PHP Warning:  Undefined variable $thumb_url in C:\Users\nheim\Local Sites\mota-photo\app\public\wp-content\themes\mota-photo\template-parts\photo-card.php on line 3
[08-Oct-2025 08:24:51 UTC] PHP Warning:  Undefined variable $thumb_id in C:\Users\nheim\Local Sites\mota-photo\app\public\wp-content\themes\mota-photo\template-parts\photo-card.php on line 9
[08-Oct-2025 08:24:51 UTC] PHP Warning:  Undefined variable $thumb_url in C:\Users\nheim\Local Sites\mota-photo\app\public\wp-content\themes\mota-photo\template-parts\photo-card.php on line 3
[08-Oct-2025 08:24:51 UTC] PHP Warning:  Undefined variable $thumb_id in C:\Users\nheim\Local Sites\mota-photo\app\public\wp-content\themes\mota-photo\template-parts\photo-card.php on line 9
[08-Oct-2025 08:24:51 UTC] PHP Warning:  Undefined variable $thumb_url in C:\Users\nheim\Local Sites\mota-photo\app\public\wp-content\themes\mota-photo\template-parts\photo-card.php on line 3
[08-Oct-2025 08:24:51 UTC] PHP Warning:  Undefined variable $thumb_id in C:\Users\nheim\Local Sites\mota-photo\app\public\wp-content\themes\mota-photo\template-parts\photo-card.php on line 9
[08-Oct-2025 08:25:01 UTC] PHP Warning:  Undefined variable $thumb_url in C:\Users\nheim\Local Sites\mota-photo\app\public\wp-content\themes\mota-photo\template-parts\photo-card.php on line 3
[08-Oct-2025 08:25:01 UTC] PHP Warning:  Undefined variable $thumb_id in C:\Users\nheim\Local Sites\mota-photo\app\public\wp-content\themes\mota-photo\template-parts\photo-card.php on line 9
[08-Oct-2025 08:25:01 UTC] PHP Warning:  Undefined variable $thumb_url in C:\Users\nheim\Local Sites\mota-photo\app\public\wp-content\themes\mota-photo\template-parts\photo-card.php on line 3
[08-Oct-2025 08:25:01 UTC] PHP Warning:  Undefined variable $thumb_id in C:\Users\nheim\Local Sites\mota-photo\app\public\wp-content\themes\mota-photo\template-parts\photo-card.php on line 9
[08-Oct-2025 08:25:01 UTC] PHP Warning:  Undefined variable $thumb_url in C:\Users\nheim\Local Sites\mota-photo\app\public\wp-content\themes\mota-photo\template-parts\photo-card.php on line 3
[08-Oct-2025 08:25:01 UTC] PHP Warning:  Undefined variable $thumb_id in C:\Users\nheim\Local Sites\mota-photo\app\public\wp-content\themes\mota-photo\template-parts\photo-card.php on line 9
[08-Oct-2025 08:25:01 UTC] PHP Warning:  Undefined variable $thumb_url in C:\Users\nheim\Local Sites\mota-photo\app\public\wp-content\themes\mota-photo\template-parts\photo-card.php on line 3
[08-Oct-2025 08:25:01 UTC] PHP Warning:  Undefined variable $thumb_id in C:\Users\nheim\Local Sites\mota-photo\app\public\wp-content\themes\mota-photo\template-parts\photo-card.php on line 9
[08-Oct-2025 08:25:01 UTC] PHP Warning:  Undefined variable $thumb_url in C:\Users\nheim\Local Sites\mota-photo\app\public\wp-content\themes\mota-photo\template-parts\photo-card.php on line 3
[08-Oct-2025 08:25:01 UTC] PHP Warning:  Undefined variable $thumb_id in C:\Users\nheim\Local Sites\mota-photo\app\public\wp-content\themes\mota-photo\template-parts\photo-card.php on line 9
[08-Oct-2025 08:25:01 UTC] PHP Warning:  Undefined variable $thumb_url in C:\Users\nheim\Local Sites\mota-photo\app\public\wp-content\themes\mota-photo\template-parts\photo-card.php on line 3
[08-Oct-2025 08:25:01 UTC] PHP Warning:  Undefined variable $thumb_id in C:\Users\nheim\Local Sites\mota-photo\app\public\wp-content\themes\mota-photo\template-parts\photo-card.php on line 9
[08-Oct-2025 08:25:01 UTC] PHP Warning:  Undefined variable $thumb_url in C:\Users\nheim\Local Sites\mota-photo\app\public\wp-content\themes\mota-photo\template-parts\photo-card.php on line 3
[08-Oct-2025 08:25:01 UTC] PHP Warning:  Undefined variable $thumb_id in C:\Users\nheim\Local Sites\mota-photo\app\public\wp-content\themes\mota-photo\template-parts\photo-card.php on line 9
[08-Oct-2025 08:25:01 UTC] PHP Warning:  Undefined variable $thumb_url in C:\Users\nheim\Local Sites\mota-photo\app\public\wp-content\themes\mota-photo\template-parts\photo-card.php on line 3
[08-Oct-2025 08:25:01 UTC] PHP Warning:  Undefined variable $thumb_id in C:\Users\nheim\Local Sites\mota-photo\app\public\wp-content\themes\mota-photo\template-parts\photo-card.php on line 9
[08-Oct-2025 08:35:23 UTC] PHP Warning:  Undefined variable $thumb_url in C:\Users\nheim\Local Sites\mota-photo\app\public\wp-content\themes\mota-photo\template-parts\photo-card.php on line 3
[08-Oct-2025 08:35:23 UTC] PHP Warning:  Undefined variable $thumb_id in C:\Users\nheim\Local Sites\mota-photo\app\public\wp-content\themes\mota-photo\template-parts\photo-card.php on line 9
[08-Oct-2025 08:35:23 UTC] PHP Warning:  Undefined variable $thumb_url in C:\Users\nheim\Local Sites\mota-photo\app\public\wp-content\themes\mota-photo\template-parts\photo-card.php on line 3
[08-Oct-2025 08:35:23 UTC] PHP Warning:  Undefined variable $thumb_id in C:\Users\nheim\Local Sites\mota-photo\app\public\wp-content\themes\mota-photo\template-parts\photo-card.php on line 9
[08-Oct-2025 08:35:23 UTC] PHP Warning:  Undefined variable $thumb_url in C:\Users\nheim\Local Sites\mota-photo\app\public\wp-content\themes\mota-photo\template-parts\photo-card.php on line 3
[08-Oct-2025 08:35:23 UTC] PHP Warning:  Undefined variable $thumb_id in C:\Users\nheim\Local Sites\mota-photo\app\public\wp-content\themes\mota-photo\template-parts\photo-card.php on line 9
[08-Oct-2025 08:35:23 UTC] PHP Warning:  Undefined variable $thumb_url in C:\Users\nheim\Local Sites\mota-photo\app\public\wp-content\themes\mota-photo\template-parts\photo-card.php on line 3
[08-Oct-2025 08:35:23 UTC] PHP Warning:  Undefined variable $thumb_id in C:\Users\nheim\Local Sites\mota-photo\app\public\wp-content\themes\mota-photo\template-parts\photo-card.php on line 9
[08-Oct-2025 08:35:23 UTC] PHP Warning:  Undefined variable $thumb_url in C:\Users\nheim\Local Sites\mota-photo\app\public\wp-content\themes\mota-photo\template-parts\photo-card.php on line 3
[08-Oct-2025 08:35:23 UTC] PHP Warning:  Undefined variable $thumb_id in C:\Users\nheim\Local Sites\mota-photo\app\public\wp-content\themes\mota-photo\template-parts\photo-card.php on line 9
[08-Oct-2025 08:35:23 UTC] PHP Warning:  Undefined variable $thumb_url in C:\Users\nheim\Local Sites\mota-photo\app\public\wp-content\themes\mota-photo\template-parts\photo-card.php on line 3
[08-Oct-2025 08:35:23 UTC] PHP Warning:  Undefined variable $thumb_id in C:\Users\nheim\Local Sites\mota-photo\app\public\wp-content\themes\mota-photo\template-parts\photo-card.php on line 9
[08-Oct-2025 08:35:23 UTC] PHP Warning:  Undefined variable $thumb_url in C:\Users\nheim\Local Sites\mota-photo\app\public\wp-content\themes\mota-photo\template-parts\photo-card.php on line 3
[08-Oct-2025 08:35:23 UTC] PHP Warning:  Undefined variable $thumb_id in C:\Users\nheim\Local Sites\mota-photo\app\public\wp-content\themes\mota-photo\template-parts\photo-card.php on line 9
[08-Oct-2025 08:35:23 UTC] PHP Warning:  Undefined variable $thumb_url in C:\Users\nheim\Local Sites\mota-photo\app\public\wp-content\themes\mota-photo\template-parts\photo-card.php on line 3
[08-Oct-2025 08:35:23 UTC] PHP Warning:  Undefined variable $thumb_id in C:\Users\nheim\Local Sites\mota-photo\app\public\wp-content\themes\mota-photo\template-parts\photo-card.php on line 9
[08-Oct-2025 13:09:35 UTC] PHP Fatal error:  Uncaught Error: Call to undefined function get_field() in C:\Users\nheim\Local Sites\mota-photo\app\public\wp-content\themes\mota-photo\template-parts\photo-card.php:12
Stack trace:
#0 C:\Users\nheim\Local Sites\mota-photo\app\public\wp-includes\template.php(812): require()
#1 C:\Users\nheim\Local Sites\mota-photo\app\public\wp-includes\template.php(745): load_template('C:\\Users\\nheim\\...', false, Array)
#2 C:\Users\nheim\Local Sites\mota-photo\app\public\wp-includes\general-template.php(206): locate_template(Array, true, false, Array)
#3 C:\Users\nheim\Local Sites\mota-photo\app\public\wp-content\themes\mota-photo\single-photo.php(150): get_template_part('template-parts/...')
#4 C:\Users\nheim\Local Sites\mota-photo\app\public\wp-includes\template-loader.php(106): include('C:\\Users\\nheim\\...')
#5 C:\Users\nheim\Local Sites\mota-photo\app\public\wp-blog-header.php(19): require_once('C:\\Users\\nheim\\...')
#6 C:\Users\nheim\Local Sites\mota-photo\app\public\index.php(17): require('C:\\Users\\nheim\\...')
#7 {main}
  thrown in C:\Users\nheim\Local Sites\mota-photo\app\public\wp-content\themes\mota-photo\template-parts\photo-card.php on line 12
[08-Oct-2025 13:09:37 UTC] PHP Fatal error:  Uncaught Error: Call to undefined function get_field() in C:\Users\nheim\Local Sites\mota-photo\app\public\wp-content\themes\mota-photo\template-parts\photo-card.php:12
Stack trace:
#0 C:\Users\nheim\Local Sites\mota-photo\app\public\wp-includes\template.php(812): require()
#1 C:\Users\nheim\Local Sites\mota-photo\app\public\wp-includes\template.php(745): load_template('C:\\Users\\nheim\\...', false, Array)
#2 C:\Users\nheim\Local Sites\mota-photo\app\public\wp-includes\general-template.php(206): locate_template(Array, true, false, Array)
#3 C:\Users\nheim\Local Sites\mota-photo\app\public\wp-content\themes\mota-photo\single-photo.php(150): get_template_part('template-parts/...')
#4 C:\Users\nheim\Local Sites\mota-photo\app\public\wp-includes\template-loader.php(106): include('C:\\Users\\nheim\\...')
#5 C:\Users\nheim\Local Sites\mota-photo\app\public\wp-blog-header.php(19): require_once('C:\\Users\\nheim\\...')
#6 C:\Users\nheim\Local Sites\mota-photo\app\public\index.php(17): require('C:\\Users\\nheim\\...')
#7 {main}
  thrown in C:\Users\nheim\Local Sites\mota-photo\app\public\wp-content\themes\mota-photo\template-parts\photo-card.php on line 12
[08-Oct-2025 13:09:45 UTC] PHP Fatal error:  Uncaught Error: Call to undefined function get_field() in C:\Users\nheim\Local Sites\mota-photo\app\public\wp-content\themes\mota-photo\template-parts\photo-card.php:12
Stack trace:
#0 C:\Users\nheim\Local Sites\mota-photo\app\public\wp-includes\template.php(812): require()
#1 C:\Users\nheim\Local Sites\mota-photo\app\public\wp-includes\template.php(745): load_template('C:\\Users\\nheim\\...', false, Array)
#2 C:\Users\nheim\Local Sites\mota-photo\app\public\wp-includes\general-template.php(206): locate_template(Array, true, false, Array)
#3 C:\Users\nheim\Local Sites\mota-photo\app\public\wp-content\themes\mota-photo\single-photo.php(150): get_template_part('template-parts/...')
#4 C:\Users\nheim\Local Sites\mota-photo\app\public\wp-includes\template-loader.php(106): include('C:\\Users\\nheim\\...')
#5 C:\Users\nheim\Local Sites\mota-photo\app\public\wp-blog-header.php(19): require_once('C:\\Users\\nheim\\...')
#6 C:\Users\nheim\Local Sites\mota-photo\app\public\index.php(17): require('C:\\Users\\nheim\\...')
#7 {main}
  thrown in C:\Users\nheim\Local Sites\mota-photo\app\public\wp-content\themes\mota-photo\template-parts\photo-card.php on line 12
[16-Oct-2025 06:17:53 UTC] Erreur d’événement de replanification de tâche pour le crochet wp_update_user_counts. Code d’erreur : could_not_set. Message d’erreur : La liste des évènements planifiés n’a pas pu être sauvegardée.. Données : {"schedule":"twicedaily","args":[],"interval":43200}
